-- phpMyAdmin SQL Dump
-- version 4.4.15.5
-- http://www.phpmyadmin.net
--
-- Хост: 127.0.0.1:3306
-- Время создания: Фев 22 2017 г., 19:50
-- Версия сервера: 5.6.29
-- Версия PHP: 5.6.19

SET SQL_MODE = "NO_AUTO_VALUE_ON_ZERO";
SET time_zone = "+00:00";


/*!40101 SET @OLD_CHARACTER_SET_CLIENT=@@CHARACTER_SET_CLIENT */;
/*!40101 SET @OLD_CHARACTER_SET_RESULTS=@@CHARACTER_SET_RESULTS */;
/*!40101 SET @OLD_COLLATION_CONNECTION=@@COLLATION_CONNECTION */;
/*!40101 SET NAMES utf8mb4 */;

--
-- База данных: `shop`
--

-- --------------------------------------------------------

--
-- Структура таблицы `s_ask`
--

CREATE TABLE IF NOT EXISTS `s_ask` (
  `id` int(155) NOT NULL,
  `id_tovar` int(155) NOT NULL,
  `msg` text NOT NULL,
  `mail` varchar(255) NOT NULL,
  `name` varchar(255) NOT NULL,
  `product` varchar(255) NOT NULL,
  `status` tinyint(4) NOT NULL,
  `otvet` text NOT NULL,
  `date` datetime NOT NULL
) ENGINE=MyISAM AUTO_INCREMENT=78 DEFAULT CHARSET=utf8;

--
-- Дамп данных таблицы `s_ask`
--

INSERT INTO `s_ask` (`id`, `id_tovar`, `msg`, `mail`, `name`, `product`, `status`, `otvet`, `date`) VALUES
(77, 117, 'vvvv', 'fxbyden@gmail.com', 'ааа', 'Лучшие игры для Андроида 2012', 1, 'GJ beaches', '2013-02-12 05:57:22');

-- --------------------------------------------------------

--
-- Структура таблицы `s_axesuares`
--

CREATE TABLE IF NOT EXISTS `s_axesuares` (
  `product_id` int(155) NOT NULL,
  `related_id` int(155) NOT NULL,
  `position` int(155) NOT NULL
) ENGINE=MyISAM DEFAULT CHARSET=cp1251;

-- --------------------------------------------------------

--
-- Структура таблицы `s_blog`
--

CREATE TABLE IF NOT EXISTS `s_blog` (
  `id` int(11) NOT NULL,
  `name` varchar(500) NOT NULL,
  `url` varchar(255) NOT NULL,
  `meta_title` varchar(500) NOT NULL,
  `meta_keywords` varchar(500) NOT NULL,
  `meta_description` varchar(500) NOT NULL,
  `annotation` text NOT NULL,
  `text` longtext NOT NULL,
  `visible` tinyint(1) NOT NULL DEFAULT '0',
  `date` timestamp NOT NULL DEFAULT '0000-00-00 00:00:00'
) ENGINE=MyISAM AUTO_INCREMENT=3 DEFAULT CHARSET=utf8;

--
-- Дамп данных таблицы `s_blog`
--

INSERT INTO `s_blog` (`id`, `name`, `url`, `meta_title`, `meta_keywords`, `meta_description`, `annotation`, `text`, `visible`, `date`) VALUES
(2, 'Скидки первым 100 покупателям', 'skidki-pervym-100-pokupatelyam', 'Скидки первым 100 покупателям', 'Скидки первым 100 покупателям', 'Первые 100 купивших у нас товар на сумму превышающюю 10000 рублей, получают скидку в 5%', '<p>Первые 100 купивших у нас товар на сумму превышающюю 10000 рублей, получают скидку в 5%</p>', '<p><span>Первые 100 купивших у нас товар на сумму превышающюю 10000 рублей, получают скидку в 5%</span></p>', 1, '2012-07-16 20:00:00');

-- --------------------------------------------------------

--
-- Структура таблицы `s_brands`
--

CREATE TABLE IF NOT EXISTS `s_brands` (
  `id` int(11) NOT NULL,
  `name` varchar(255) NOT NULL DEFAULT '',
  `url` varchar(255) NOT NULL DEFAULT '',
  `meta_title` varchar(500) NOT NULL,
  `meta_keywords` varchar(500) NOT NULL,
  `meta_description` varchar(500) NOT NULL,
  `description` text NOT NULL,
  `image` varchar(255) NOT NULL
) ENGINE=MyISAM AUTO_INCREMENT=27 DEFAULT CHARSET=utf8;

--
-- Дамп данных таблицы `s_brands`
--

INSERT INTO `s_brands` (`id`, `name`, `url`, `meta_title`, `meta_keywords`, `meta_description`, `description`, `image`) VALUES
(13, 'Samsung', 'samsung', 'Samsung', 'Samsung', 'Samsung', '', ''),
(26, 'Sony', 'sony', 'Sony', 'Sony', 'Sony', '', ''),
(15, 'Epad', 'epad', 'Epad', 'Epad', 'Epad', '', ''),
(16, 'Onda', 'onda', 'Onda', 'Onda', 'Onda', '', ''),
(17, 'ET', 'et', 'ET', 'ET', 'ET', '', ''),
(18, 'Huawei', 'huawei', 'Huawei', 'Huawei', 'Huawei', '', ''),
(19, 'HTC', 'htc', 'HTC', 'HTC', 'HTC', '', ''),
(20, 'ZOPO', 'zopo', 'ZOPO', 'ZOPO', 'ZOPO', '', ''),
(21, 'Lenovo', 'lenovo', 'Lenovo', 'Lenovo', 'Lenovo', '', ''),
(22, 'THL', 'thl', 'THL', 'THL', 'THL', '', ''),
(23, 'HYUNDAI', 'hyundai', 'HYUNDAI', 'HYUNDAI', 'HYUNDAI', '', ''),
(24, 'Ramos', 'ramos', 'Ramos', 'Ramos', 'Ramos', '', ''),
(25, 'Ainol', 'ainol', 'Ainol', 'Ainol', 'Ainol', '', '');

-- --------------------------------------------------------

--
-- Структура таблицы `s_categories`
--

CREATE TABLE IF NOT EXISTS `s_categories` (
  `id` int(11) NOT NULL,
  `parent_id` int(11) NOT NULL DEFAULT '0',
  `name` varchar(255) NOT NULL DEFAULT '',
  `meta_title` varchar(255) NOT NULL,
  `meta_keywords` varchar(255) NOT NULL,
  `meta_description` varchar(255) NOT NULL,
  `description` text NOT NULL,
  `url` varchar(255) NOT NULL DEFAULT '',
  `image` varchar(255) NOT NULL DEFAULT '',
  `position` int(11) NOT NULL DEFAULT '0',
  `visible` tinyint(1) NOT NULL DEFAULT '1',
  `external_id` varchar(36) NOT NULL
) ENGINE=MyISAM AUTO_INCREMENT=18 DEFAULT CHARSET=utf8;

--
-- Дамп данных таблицы `s_categories`
--

INSERT INTO `s_categories` (`id`, `parent_id`, `name`, `meta_title`, `meta_keywords`, `meta_description`, `description`, `url`, `image`, `position`, `visible`, `external_id`) VALUES
(1, 0, 'Мобильные телефоны', 'Мобильные телефоны', 'Мобильные телефоны', '', '', 'mobilnye-telefony', '', 1, 1, ''),
(5, 0, 'Фотоаппараты', 'Фотоаппараты', 'Фотоаппараты', '', '', 'fotoapparaty', '', 10, 0, ''),
(9, 0, 'Спорт развлечение', 'Спорт - развлечени', 'Спорт - развлечени', '', '', 'sport---razvlecheni', '', 13, 1, ''),
(7, 0, 'Игрушки', 'Игрушки', 'Игрушки', '', '', 'igrushki', '', 12, 1, ''),
(8, 0, 'Гаджеты', 'Гаджеты', 'Гаджеты', '', '', 'gadzhety', '', 11, 1, ''),
(11, 0, 'Планшеты, нетбуки', 'Планшеты, нетбуки', 'Планшеты, нетбуки', '', '', 'planshety-netbuki', '', 4, 1, ''),
(13, 1, 'Смартфоны', 'Смартфоны', 'Смартфоны', 'В данной категории представлены современные модели смартфонов для различного использования, с низкими ценами и большим ассортиментом по различным характеристикам.    На весь товар предоставляется гарантия 1 год.', '<p>В данной категории представлены современные модели смартфонов для различного использования, с низкими ценами и большим ассортиментом по различным характеристикам.&nbsp;&nbsp; <strong>На весь товар предоставляется гарантия 1 год.</strong></p>', 'smartfony', '', 3, 1, ''),
(14, 1, 'Сотовые', 'Сотовые', 'Сотовые', '', '', 'sotovye', '', 14, 1, ''),
(15, 11, 'Android', 'Android', 'Android', '', '', 'android', '', 15, 1, ''),
(16, 11, 'Windows', 'Windows', 'Windows', '', '', 'windows', '', 16, 1, ''),
(17, 0, 'Аксессуары', 'Аксессуары', 'Аксессуары', '', '', 'aksessuary', '', 17, 1, '');

-- --------------------------------------------------------

--
-- Структура таблицы `s_categories_features`
--

CREATE TABLE IF NOT EXISTS `s_categories_features` (
  `category_id` int(11) NOT NULL,
  `feature_id` int(11) NOT NULL
) ENGINE=MyISAM DEFAULT CHARSET=utf8;

--
-- Дамп данных таблицы `s_categories_features`
--

INSERT INTO `s_categories_features` (`category_id`, `feature_id`) VALUES
(3, 73),
(3, 74),
(3, 75),
(3, 76),
(3, 77),
(3, 78),
(3, 79),
(3, 80),
(3, 81),
(3, 83),
(3, 84),
(3, 85),
(3, 86),
(3, 87),
(3, 88),
(3, 89),
(4, 83),
(4, 90),
(4, 91),
(4, 92),
(4, 93),
(4, 94),
(4, 95),
(4, 96),
(4, 97),
(4, 98),
(4, 99),
(5, 2),
(5, 8),
(5, 25),
(5, 32),
(5, 35),
(5, 58),
(5, 83),
(5, 100),
(5, 101),
(5, 102),
(5, 103),
(5, 104),
(5, 105),
(5, 106),
(5, 107),
(5, 108),
(5, 109),
(5, 110),
(5, 111),
(5, 112),
(5, 113),
(5, 114),
(5, 115),
(5, 116),
(5, 117),
(5, 118),
(5, 119),
(5, 120),
(5, 122),
(5, 123),
(5, 124),
(5, 125),
(5, 126),
(5, 127),
(5, 128),
(5, 129),
(5, 130),
(5, 131),
(5, 132),
(5, 133),
(5, 134),
(5, 135),
(5, 136),
(5, 137),
(5, 138),
(5, 139),
(5, 140),
(5, 141),
(5, 142),
(5, 143),
(5, 144),
(5, 145),
(5, 146),
(5, 147),
(5, 148),
(5, 189),
(6, 149),
(7, 2),
(7, 7),
(7, 8),
(7, 187),
(7, 189),
(8, 2),
(8, 7),
(8, 8),
(8, 187),
(8, 189),
(9, 7),
(9, 8),
(9, 187),
(9, 189),
(11, 8),
(11, 29),
(11, 53),
(11, 150),
(11, 151),
(11, 152),
(11, 153),
(11, 154),
(11, 155),
(11, 156),
(11, 157),
(11, 158),
(11, 159),
(11, 160),
(11, 161),
(11, 162),
(11, 164),
(11, 165),
(11, 166),
(11, 167),
(11, 168),
(11, 169),
(11, 171),
(11, 174),
(11, 175),
(11, 176),
(11, 177),
(11, 178),
(11, 179),
(11, 180),
(11, 181),
(11, 182),
(11, 187),
(11, 189),
(13, 1),
(13, 2),
(13, 4),
(13, 6),
(13, 7),
(13, 8),
(13, 9),
(13, 10),
(13, 11),
(13, 12),
(13, 13),
(13, 14),
(13, 15),
(13, 16),
(13, 17),
(13, 19),
(13, 20),
(13, 21),
(13, 27),
(13, 28),
(13, 29),
(13, 33),
(13, 36),
(13, 37),
(13, 38),
(13, 39),
(13, 40),
(13, 41),
(13, 50),
(13, 53),
(13, 56),
(13, 57),
(13, 60),
(13, 61),
(13, 62),
(13, 64),
(13, 65),
(13, 66),
(13, 68),
(13, 69),
(13, 71),
(13, 72),
(13, 121),
(13, 151),
(13, 154),
(13, 163),
(13, 166),
(13, 172),
(13, 176),
(13, 185),
(13, 186),
(13, 187),
(13, 188),
(13, 189),
(13, 193),
(13, 195),
(13, 196),
(13, 197),
(14, 1),
(14, 2),
(14, 4),
(14, 6),
(14, 7),
(14, 8),
(14, 9),
(14, 10),
(14, 11),
(14, 12),
(14, 13),
(14, 14),
(14, 15),
(14, 16),
(14, 17),
(14, 18),
(14, 19),
(14, 20),
(14, 21),
(14, 22),
(14, 23),
(14, 24),
(14, 25),
(14, 26),
(14, 27),
(14, 28),
(14, 29),
(14, 30),
(14, 31),
(14, 33),
(14, 34),
(14, 35),
(14, 36),
(14, 37),
(14, 38),
(14, 39),
(14, 40),
(14, 41),
(14, 42),
(14, 43),
(14, 44),
(14, 45),
(14, 46),
(14, 47),
(14, 48),
(14, 49),
(14, 50),
(14, 51),
(14, 52),
(14, 53),
(14, 55),
(14, 56),
(14, 57),
(14, 58),
(14, 59),
(14, 60),
(14, 61),
(14, 62),
(14, 64),
(14, 65),
(14, 66),
(14, 67),
(14, 68),
(14, 69),
(14, 71),
(14, 72),
(14, 121),
(14, 151),
(14, 154),
(14, 163),
(14, 166),
(14, 172),
(14, 185),
(14, 186),
(14, 187),
(14, 188),
(14, 189),
(14, 195),
(14, 196),
(15, 6),
(15, 7),
(15, 8),
(15, 9),
(15, 29),
(15, 53),
(15, 60),
(15, 121),
(15, 150),
(15, 151),
(15, 152),
(15, 153),
(15, 154),
(15, 155),
(15, 156),
(15, 157),
(15, 158),
(15, 159),
(15, 160),
(15, 161),
(15, 162),
(15, 163),
(15, 164),
(15, 165),
(15, 166),
(15, 167),
(15, 168),
(15, 169),
(15, 171),
(15, 172),
(15, 174),
(15, 175),
(15, 176),
(15, 177),
(15, 178),
(15, 179),
(15, 180),
(15, 181),
(15, 182),
(15, 187),
(15, 189),
(15, 195),
(15, 196),
(15, 197),
(16, 6),
(16, 7),
(16, 8),
(16, 9),
(16, 29),
(16, 53),
(16, 60),
(16, 121),
(16, 150),
(16, 151),
(16, 152),
(16, 153),
(16, 154),
(16, 155),
(16, 156),
(16, 157),
(16, 158),
(16, 159),
(16, 160),
(16, 161),
(16, 162),
(16, 163),
(16, 164),
(16, 165),
(16, 166),
(16, 167),
(16, 168),
(16, 169),
(16, 171),
(16, 172),
(16, 174),
(16, 175),
(16, 176),
(16, 177),
(16, 178),
(16, 179),
(16, 180),
(16, 181),
(16, 182),
(16, 187),
(16, 189),
(16, 195),
(16, 196),
(16, 197);

-- --------------------------------------------------------

--
-- Структура таблицы `s_comments`
--

CREATE TABLE IF NOT EXISTS `s_comments` (
  `id` bigint(20) NOT NULL,
  `date` datetime NOT NULL DEFAULT '0000-00-00 00:00:00',
  `ip` varchar(20) NOT NULL,
  `object_id` int(11) NOT NULL DEFAULT '0',
  `name` varchar(255) NOT NULL,
  `text` text NOT NULL,
  `type` enum('product','blog','staty') NOT NULL,
  `approved` int(1) NOT NULL DEFAULT '0'
) ENGINE=MyISAM AUTO_INCREMENT=9 DEFAULT CHARSET=utf8;

--
-- Дамп данных таблицы `s_comments`
--

INSERT INTO `s_comments` (`id`, `date`, `ip`, `object_id`, `name`, `text`, `type`, `approved`) VALUES
(4, '2012-07-30 15:30:21', '37.44.43.131', 45, 'Сергей', 'Хороший планшет хоть и китайский,  месяц работы - полет нормальный.', 'product', 1),
(5, '2012-07-31 09:09:16', '37.44.40.230', 65, 'Настся', 'В комплекте зарядка под евро разетку?', 'product', 1),
(6, '2012-08-30 00:41:22', '127.0.0.1', 2, 'Серж', 'куйле', 'blog', 1),
(7, '2012-08-30 00:51:20', '127.0.0.1', 2, 'Литол', 'Не пиздите уважаемый', 'staty', 1),
(8, '2012-08-30 00:58:47', '127.0.0.1', 1, 'Alexahdr khvRassia', 'Йа все вх насканю и позакрываю хехе', 'staty', 1);

-- --------------------------------------------------------

--
-- Структура таблицы `s_complect`
--

CREATE TABLE IF NOT EXISTS `s_complect` (
  `product_id` int(155) NOT NULL,
  `feature_id` int(155) NOT NULL,
  `value` varchar(255) NOT NULL
) ENGINE=MyISAM DEFAULT CHARSET=cp1251;

-- --------------------------------------------------------

--
-- Структура таблицы `s_coupons`
--

CREATE TABLE IF NOT EXISTS `s_coupons` (
  `id` bigint(20) NOT NULL,
  `code` varchar(256) NOT NULL,
  `expire` timestamp NULL DEFAULT NULL,
  `type` enum('absolute','percentage') NOT NULL DEFAULT 'absolute',
  `value` float(10,2) NOT NULL,
  `min_order_price` float(10,2) DEFAULT NULL,
  `single` int(1) NOT NULL DEFAULT '0',
  `usages` int(11) NOT NULL DEFAULT '0'
) ENGINE=MyISAM AUTO_INCREMENT=18 DEFAULT CHARSET=utf8;

--
-- Дамп данных таблицы `s_coupons`
--

INSERT INTO `s_coupons` (`id`, `code`, `expire`, `type`, `value`, `min_order_price`, `single`, `usages`) VALUES
(11, 'THANKYOU', '2015-05-31 20:00:00', 'absolute', 5.12, 50000.00, 1, 0),
(15, 'SIMPLACMS', NULL, 'absolute', 9.92, 150000.00, 0, 0),
(17, 'TESTCOUPON', '2010-05-31 20:00:00', 'percentage', 0.10, 0.00, 0, 0);

-- --------------------------------------------------------

--
-- Структура таблицы `s_currencies`
--

CREATE TABLE IF NOT EXISTS `s_currencies` (
  `id` int(11) NOT NULL,
  `name` varchar(255) NOT NULL DEFAULT '0',
  `sign` varchar(20) NOT NULL,
  `code` char(3) NOT NULL DEFAULT '',
  `rate_from` float(10,2) NOT NULL DEFAULT '1.00',
  `rate_to` float(10,2) NOT NULL DEFAULT '1.00',
  `cents` int(1) NOT NULL DEFAULT '2',
  `position` int(11) NOT NULL,
  `enabled` int(1) NOT NULL
) ENGINE=MyISAM AUTO_INCREMENT=10 DEFAULT CHARSET=utf8;

--
-- Дамп данных таблицы `s_currencies`
--

INSERT INTO `s_currencies` (`id`, `name`, `sign`, `code`, `rate_from`, `rate_to`, `cents`, `position`, `enabled`) VALUES
(2, 'рубли', 'руб', 'RUR', 3.75, 3.75, 0, 1, 1),
(1, 'доллары', '$', 'USD', 1.00, 31.47, 2, 2, 1),
(3, 'Webmoney wmz', 'wmz', 'WMZ', 0.15, 3.75, 2, 3, 0),
(4, 'Webmoney wmr', 'wmr', 'WMR', 1.00, 1.01, 2, 4, 0);

-- --------------------------------------------------------

--
-- Структура таблицы `s_delivery`
--

CREATE TABLE IF NOT EXISTS `s_delivery` (
  `id` int(11) NOT NULL,
  `name` varchar(255) NOT NULL,
  `description` text NOT NULL,
  `free_from` float(10,2) NOT NULL,
  `price` float(10,2) NOT NULL,
  `enabled` tinyint(1) NOT NULL DEFAULT '0',
  `position` int(11) NOT NULL,
  `separate_payment` int(1) DEFAULT '0'
) ENGINE=MyISAM AUTO_INCREMENT=5 DEFAULT CHARSET=utf8;

--
-- Дамп данных таблицы `s_delivery`
--

INSERT INTO `s_delivery` (`id`, `name`, `description`, `free_from`, `price`, `enabled`, `position`, `separate_payment`) VALUES
(3, 'Почта России EMS', '', 12000.00, 399.04, 0, 3, NULL),
(4, 'Бесплатная доставка', '', 0.00, 0.00, 1, 4, NULL);

-- --------------------------------------------------------

--
-- Структура таблицы `s_delivery_payment`
--

CREATE TABLE IF NOT EXISTS `s_delivery_payment` (
  `delivery_id` int(11) NOT NULL,
  `payment_method_id` int(11) NOT NULL
) ENGINE=MyISAM DEFAULT CHARSET=utf8 COMMENT='Связка способом оплаты и способов доставки';

--
-- Дамп данных таблицы `s_delivery_payment`
--

INSERT INTO `s_delivery_payment` (`delivery_id`, `payment_method_id`) VALUES
(1, 1),
(1, 3),
(1, 4),
(1, 5),
(1, 6),
(1, 7),
(1, 8),
(2, 1),
(2, 3),
(2, 4),
(2, 5),
(2, 6),
(2, 7),
(2, 8),
(3, 2),
(3, 3),
(3, 5),
(3, 6),
(3, 7),
(3, 8),
(3, 9);

-- --------------------------------------------------------

--
-- Структура таблицы `s_display`
--

CREATE TABLE IF NOT EXISTS `s_display` (
  `product_id` int(155) NOT NULL,
  `feature_id` int(155) NOT NULL,
  `value` varchar(255) NOT NULL
) ENGINE=MyISAM DEFAULT CHARSET=cp1251;

--
-- Дамп данных таблицы `s_display`
--

INSERT INTO `s_display` (`product_id`, `feature_id`, `value`) VALUES
(47, 152, '12 дюймов'),
(45, 152, '7 дюймов');

-- --------------------------------------------------------

--
-- Структура таблицы `s_error_report`
--

CREATE TABLE IF NOT EXISTS `s_error_report` (
  `id` int(11) NOT NULL,
  `mail` varchar(255) NOT NULL,
  `text` text NOT NULL,
  `date` date NOT NULL,
  `otvet` text NOT NULL,
  `status` tinyint(1) NOT NULL
) ENGINE=MyISAM AUTO_INCREMENT=18 DEFAULT CHARSET=cp1251;

--
-- Дамп данных таблицы `s_error_report`
--

INSERT INTO `s_error_report` (`id`, `mail`, `text`, `date`, `otvet`, `status`) VALUES
(17, 'fxbyden@gmail.com', 'Сосите хуй суки сраные', '2013-02-12', 'АГА', 1);

-- --------------------------------------------------------

--
-- Структура таблицы `s_features`
--

CREATE TABLE IF NOT EXISTS `s_features` (
  `id` int(11) NOT NULL,
  `name` varchar(255) NOT NULL,
  `position` int(11) NOT NULL,
  `in_filter` int(1) NOT NULL
) ENGINE=MyISAM AUTO_INCREMENT=198 DEFAULT CHARSET=utf8;

--
-- Дамп данных таблицы `s_features`
--

INSERT INTO `s_features` (`id`, `name`, `position`, `in_filter`) VALUES
(1, 'Стандарт', 4, 0),
(2, 'Тип', 1, 0),
(4, 'Операционная система', 6, 1),
(6, 'Материал корпуса', 7, 0),
(7, 'Вес', 8, 0),
(8, 'Размеры (ШxВxТ)', 185, 0),
(9, 'Тип экрана', 9, 0),
(10, 'Тип сенсорного экрана', 12, 0),
(11, 'Диагональ', 10, 1),
(12, 'Размер изображения', 11, 0),
(13, 'Автоматический поворот экрана', 14, 0),
(14, 'Тип мелодий', 15, 0),
(15, 'Виброзвонок', 16, 0),
(16, 'Фотокамера', 17, 0),
(17, 'Запись видеороликов', 19, 0),
(18, 'Макс. частота кадров видео', 18, 0),
(19, 'Воспроизведение видео', 20, 0),
(20, 'Аудио', 21, 0),
(21, 'Диктофон', 28, 0),
(22, 'Игры', 22, 0),
(23, 'Java-приложения', 23, 0),
(24, 'Разъем для наушников', 24, 0),
(25, 'Интерфейсы', 25, 0),
(26, 'Зарядка от USB', 26, 0),
(27, 'Встроенный GPS-приемник', 29, 0),
(28, 'Cистема A-GPS', 36, 0),
(29, 'Доступ в интернет', 33, 0),
(30, 'Синхронизация с компьютером', 30, 0),
(31, 'Использование в качестве USB-накопителя', 31, 0),
(32, 'Объем встроенной памяти', 32, 0),
(33, 'MMS', 37, 0),
(34, 'Тип аккумулятора', 34, 0),
(35, 'Емкость аккумулятора', 35, 0),
(36, 'Время разговора', 38, 0),
(37, 'Время ожидания', 39, 0),
(38, 'Громкая связь (встроенный динамик)', 40, 0),
(39, 'Режим полета', 41, 0),
(40, 'Датчики', 50, 0),
(41, 'Поиск по книжке', 53, 0),
(42, 'Обмен между SIM-картой и внутренней памятью', 42, 0),
(43, 'Органайзер', 43, 0),
(44, 'Комплектация', 44, 0),
(45, 'Дата анонсирования (г-м-д)', 45, 1),
(46, 'Русификация', 46, 0),
(47, 'Распознавание', 47, 0),
(48, 'Макс. разрешение видео', 48, 0),
(49, 'Geo Tagging', 49, 0),
(50, 'Фронтальная камера', 54, 0),
(51, 'Видеовыход', 51, 0),
(52, 'Модем', 52, 0),
(53, 'Объем постоянной памяти (ROM)', 61, 0),
(55, 'Время работы в режиме прослушивания музыки', 55, 0),
(56, 'Управление', 62, 0),
(57, 'Автодозвон', 64, 0),
(58, 'Особенности', 58, 0),
(59, 'Поддержка DLNA', 59, 0),
(60, 'Объем оперативной памяти (RAM)', 60, 0),
(61, 'Дополнительные функции SMS', 65, 0),
(62, 'Профиль A2DP', 66, 0),
(186, 'Цветов', 13, 1),
(64, 'QWERTY-клавиатура', 68, 0),
(65, 'VoIP-клиент', 71, 0),
(66, 'Push-To-Talk', 72, 0),
(67, 'Режимы кодирования звука HR, FR, EFR', 67, 0),
(68, 'Записная книжка в аппарате', 121, 0),
(69, 'Уровень SAR', 164, 0),
(187, 'Другое', 189, 0),
(188, 'FM-radio', 27, 0),
(71, 'Mobile Tracker', 186, 0),
(72, 'Поддержка двух SIM-карт', 187, 0),
(73, 'Уборка', 73, 0),
(74, 'Потребляемая мощность', 74, 0),
(75, 'Пылесборник', 75, 0),
(76, 'Регулятор мощности', 76, 0),
(77, 'Фильтр тонкой очистки', 77, 0),
(78, 'Источник питания', 78, 0),
(79, 'Уровень шума', 79, 0),
(80, 'Длина сетевого шнура', 80, 0),
(81, 'Функции и возможности', 81, 0),
(83, 'Дополнительная информация', 83, 0),
(84, 'Труба всасывания', 84, 0),
(85, 'Возможность подключения электрощетки', 85, 0),
(86, 'Дополнительные насадки в комплекте', 86, 0),
(87, 'Турбощетка в комплекте', 87, 0),
(88, 'Мощность всасывания', 88, 0),
(89, 'Электрощетка в комплекте', 89, 0),
(90, 'Чаша', 90, 0),
(91, 'Мощность', 91, 0),
(92, 'Число скоростей', 92, 0),
(93, 'Дополнительные режимы', 93, 0),
(94, 'Количество насадок', 94, 0),
(95, 'Насадки', 95, 0),
(96, 'Кнопка отсоединения насадок', 96, 0),
(97, 'Защитная крышка на чашу', 97, 0),
(98, 'Прорезиненная ручка', 98, 0),
(99, 'Приспособление для хранения насадок', 99, 0),
(100, 'Общее число пикселов', 100, 0),
(101, 'Число эффективных пикселов', 101, 0),
(102, 'Физический размер', 102, 0),
(103, 'Кроп-фактор', 103, 0),
(104, 'Тип матрицы', 104, 0),
(105, 'Чувствительность', 105, 0),
(106, 'Баланс белого', 106, 0),
(107, 'Вспышка', 107, 0),
(108, 'Макросъёмка', 108, 0),
(109, 'Таймер', 109, 0),
(110, 'Время работы таймера', 110, 0),
(111, 'Формат кадра (фотосъемка)', 111, 0),
(112, 'Фокусное расстояние (35 мм эквивалент)', 112, 0),
(113, 'Оптический Zoom', 113, 0),
(114, 'Диафрагма', 114, 0),
(115, 'Видоискатель', 115, 0),
(116, 'ЖК-экран', 116, 0),
(117, 'Тип ЖК-экрана', 117, 0),
(118, 'Ручная настройка выдержки и диафрагмы', 118, 0),
(119, 'Экспокоррекция ', 119, 0),
(120, 'Минимальное расстояние съемки', 120, 0),
(121, 'Тип карт памяти', 151, 0),
(122, 'Форматы изображения', 122, 0),
(123, 'Формат аккумуляторов', 123, 0),
(124, 'Количество аккумуляторов', 124, 0),
(125, 'Запись видео', 125, 0),
(126, 'Формат записи видео', 126, 0),
(127, 'Максимальное разрешение роликов', 127, 0),
(128, 'Цифровой Zoom', 128, 0),
(129, 'Дополнительные возможности', 129, 0),
(130, 'Дата анонсирования', 130, 0),
(131, 'Дата начала продаж', 131, 0),
(132, 'Размер', 132, 0),
(133, 'Стабилизатор изображения (фотосъемка)', 133, 0),
(134, 'Режим серийной съемки', 134, 0),
(135, 'Подсветка автофокуса', 135, 0),
(136, 'Фокусировка по лицу', 136, 0),
(137, 'Разъем питания', 137, 0),
(138, 'Запись звука', 138, 0),
(139, 'Название объектива', 139, 0),
(140, 'Максимальная частота кадров видеоролика', 140, 0),
(141, 'Максимальная частота кадров при съемке HD-видео', 141, 0),
(142, 'Электронная стабилизация при видеосъемке', 142, 0),
(143, 'Скорость съемки', 143, 0),
(144, 'Число оптических элементов', 144, 0),
(145, 'Число групп оптических элементов', 145, 0),
(146, 'Выдержка', 146, 0),
(147, 'Замер экспозиции', 147, 0),
(148, 'Автоматическая обработка экспозиции', 148, 0),
(149, 'Тип', 149, 1),
(150, 'Операционная система', 150, 1),
(151, 'Wi-FI', 188, 1),
(152, 'Дисплей', 154, 1),
(153, 'Разрешение', 155, 1),
(154, 'Процессор', 152, 0),
(155, 'Оперативная память', 156, 0),
(156, 'Флэш-память', 157, 0),
(157, 'Встроенная камера', 158, 1),
(158, 'Клавиатура', 159, 0),
(159, 'Установленные приложения', 160, 0),
(160, 'Встроенные порты', 161, 0),
(161, 'Формат видео', 162, 0),
(162, 'Чтение текста', 163, 0),
(163, 'Встроенная литиевая батарея', 171, 1),
(164, 'Время непрерывной работы', 165, 0),
(165, 'Размеры', 182, 0),
(166, 'Модель', 2, 0),
(167, 'Skype', 166, 0),
(168, 'Языки', 167, 0),
(169, '3G', 168, 0),
(178, 'G-сенсор', 176, 0),
(171, 'Ebook', 169, 0),
(172, 'Bluetooth', 181, 0),
(179, 'Аудио формат', 177, 0),
(174, 'Порты расширения', 172, 0),
(175, 'Видео форматы', 174, 0),
(176, 'GPU \\ видео ускорение', 153, 0),
(177, 'Multi-Touch', 175, 0),
(180, 'Формат изображения', 178, 0),
(181, 'Углы обзора', 179, 0),
(182, 'Разъем наушников', 180, 0),
(185, 'Задняя камера', 56, 1),
(189, 'Комплектация', 193, 0),
(193, 'В копмлекте', 195, 0),
(195, 'TV тюнер', 69, 0),
(196, 'Сенсоры', 196, 0),
(197, 'ppi', 197, 0);

-- --------------------------------------------------------

--
-- Структура таблицы `s_feedbacks`
--

CREATE TABLE IF NOT EXISTS `s_feedbacks` (
  `id` bigint(20) NOT NULL,
  `date` datetime NOT NULL,
  `ip` varchar(20) NOT NULL,
  `name` varchar(255) NOT NULL,
  `email` varchar(255) NOT NULL,
  `message` text NOT NULL
) ENGINE=MyISAM DEFAULT CHARSET=utf8;

-- --------------------------------------------------------

--
-- Структура таблицы `s_hard_prod`
--

CREATE TABLE IF NOT EXISTS `s_hard_prod` (
  `product_id` int(155) NOT NULL,
  `feature_id` int(155) NOT NULL,
  `value` varchar(255) NOT NULL
) ENGINE=MyISAM DEFAULT CHARSET=cp1251;

--
-- Дамп данных таблицы `s_hard_prod`
--

INSERT INTO `s_hard_prod` (`product_id`, `feature_id`, `value`) VALUES
(45, 152, '152 дюйма');

-- --------------------------------------------------------

--
-- Структура таблицы `s_images`
--

CREATE TABLE IF NOT EXISTS `s_images` (
  `id` int(11) NOT NULL,
  `name` varchar(255) NOT NULL,
  `product_id` int(11) NOT NULL DEFAULT '0',
  `filename` varchar(255) NOT NULL DEFAULT '',
  `position` int(11) NOT NULL
) ENGINE=MyISAM AUTO_INCREMENT=369 DEFAULT CHARSET=utf8;

--
-- Дамп данных таблицы `s_images`
--

INSERT INTO `s_images` (`id`, `name`, `product_id`, `filename`, `position`) VALUES
(368, '', 109, '1008.180x180.jpg', 0);

-- --------------------------------------------------------

--
-- Структура таблицы `s_imgblog`
--

CREATE TABLE IF NOT EXISTS `s_imgblog` (
  `id` int(11) NOT NULL,
  `name` varchar(255) NOT NULL,
  `blog_id` int(11) NOT NULL,
  `filename` varchar(255) NOT NULL,
  `position` int(11) NOT NULL
) ENGINE=MyISAM AUTO_INCREMENT=49 DEFAULT CHARSET=cp1251;

--
-- Дамп данных таблицы `s_imgblog`
--

INSERT INTO `s_imgblog` (`id`, `name`, `blog_id`, `filename`, `position`) VALUES
(42, '', 5, 'ainol_novo7_mars_1.jpg', 42),
(43, '', 8, 'ainol_novo7_paladin_1.jpg', 43),
(44, '', 2, '1334788245_1_1.jpg', 44),
(45, '', 3, 'thumb.jpg', 45),
(46, '', 3, '1748330_vb.jpg', 46),
(47, '', 1, 'ainol-novo-fire.jpg', 47),
(48, '', 12, 'zakaz.jpg', 48);

-- --------------------------------------------------------

--
-- Структура таблицы `s_menu`
--

CREATE TABLE IF NOT EXISTS `s_menu` (
  `id` int(11) NOT NULL DEFAULT '0',
  `name` varchar(255) NOT NULL DEFAULT '',
  `position` int(11) NOT NULL
) ENGINE=MyISAM DEFAULT CHARSET=utf8;

--
-- Дамп данных таблицы `s_menu`
--

INSERT INTO `s_menu` (`id`, `name`, `position`) VALUES
(1, 'Основное меню', 1),
(2, 'Другие страницы', 2);

-- --------------------------------------------------------

--
-- Структура таблицы `s_multimedia`
--

CREATE TABLE IF NOT EXISTS `s_multimedia` (
  `product_id` int(155) NOT NULL,
  `feature_id` int(155) NOT NULL,
  `value` varchar(255) NOT NULL
) ENGINE=MyISAM DEFAULT CHARSET=cp1251;

-- --------------------------------------------------------

--
-- Структура таблицы `s_options`
--

CREATE TABLE IF NOT EXISTS `s_options` (
  `product_id` int(11) NOT NULL,
  `feature_id` int(11) NOT NULL,
  `value` varchar(1024) NOT NULL,
  `tvalue` text NOT NULL
) ENGINE=MyISAM DEFAULT CHARSET=utf8;

--
-- Дамп данных таблицы `s_options`
--

INSERT INTO `s_options` (`product_id`, `feature_id`, `value`, `tvalue`) VALUES
(45, 160, '1 x TF card slot; 1 x MINI HDMI port 1 x MINI USB port  1 x 3.5mm Earphone port', ''),
(59, 10, 'TFT', ''),
(47, 166, 'JooJoo Tab', ''),
(49, 154, 'IMAPX200 1GHz', ''),
(49, 152, '7 дюймов', ''),
(47, 154, 'Inter Atom N450, 1.6GHz', ''),
(47, 150, 'Windows 7', ''),
(47, 152, '12 дюймов', ''),
(45, 159, 'File Manager, OfficeSuite, Google Search, Task Manager, Browser, Gallery, Android Webkit, Clock, Calculator, Calendar, iReader, Gmail', ''),
(50, 15, 'Есть', ''),
(50, 14, 'полифония/MP3', ''),
(50, 10, 'TFT, сенсорный экран', ''),
(50, 12, '480 x 320 пикселя', ''),
(50, 11, '3.5 дюйма', ''),
(51, 16, '3264 x 2448 пикселей', ''),
(51, 15, 'Есть', ''),
(51, 14, 'полифония/MP3', ''),
(51, 13, 'Есть', ''),
(51, 10, 'TFT', ''),
(51, 12, '854 x 480 пикселя', ''),
(51, 11, '4.7 дюйма', ''),
(51, 4, 'Android 4', ''),
(51, 6, 'Пластик', ''),
(51, 7, '450гр', ''),
(52, 17, '720p HD', ''),
(52, 6, 'Пластик', ''),
(52, 7, '450гр', ''),
(52, 11, '4.7 дюйма', ''),
(52, 12, '854 x 480 пикселя', ''),
(52, 10, 'TFT', ''),
(52, 13, 'Есть', ''),
(52, 14, 'полифония/MP3', ''),
(52, 15, 'Есть', ''),
(59, 6, 'Пластик', ''),
(60, 20, 'MP3/WAV/AMR/AWB', ''),
(60, 16, '0.3 мегапикселя', ''),
(60, 14, 'полифония/MP3', ''),
(59, 186, '260 тыс.', ''),
(59, 13, 'Есть', ''),
(59, 14, 'полифония/MP3', ''),
(59, 15, 'Есть', ''),
(59, 19, '3GP/MPEG4', ''),
(59, 20, 'MP3/WAV/AMR/AWB', ''),
(52, 4, 'Android 4', ''),
(59, 7, '400гр', ''),
(51, 1, '2G: GSM 850/900/1800/1900MHz 3G: WCDMA 850/2100MHz', ''),
(51, 2, 'One X', ''),
(52, 16, '3264 x 2448 пикселей', ''),
(51, 17, '720p HD', ''),
(63, 29, 'WAP/WIFI', ''),
(63, 10, 'QHD', ''),
(63, 186, '16 млн.', ''),
(63, 13, 'Есть', ''),
(63, 14, 'полифония/MP3', ''),
(63, 15, 'Есть', ''),
(63, 17, '720p HD 1280*720', ''),
(63, 19, '3GP/MPEG4', ''),
(63, 20, 'MP3/WAV/AMR/AWB', ''),
(63, 188, 'Есть', ''),
(63, 27, 'Есть', ''),
(59, 11, '4.0 дюйма', ''),
(65, 4, 'Android 4', ''),
(65, 6, 'Пластик', ''),
(65, 7, '400гр', ''),
(65, 11, '4.0 дюйма', ''),
(65, 12, '480 x 800 пикселя', ''),
(65, 10, 'TFT', ''),
(52, 1, '2G: GSM 850/900/1800/1900MHz 3G: WCDMA 850/2100MHz', ''),
(52, 2, 'One X', ''),
(66, 150, 'OS Android 4.0', ''),
(56, 2, 'Led будильник с показаниями температуры воздуха', ''),
(67, 6, 'Пластик', ''),
(67, 11, '4.7 дюйма', ''),
(67, 12, '854 x 480 пикселя', ''),
(67, 186, '260 тыс.', ''),
(67, 13, 'Есть', ''),
(67, 14, 'полифония/MP3', ''),
(67, 15, 'Есть', ''),
(67, 17, '720p HD', ''),
(67, 19, '3GP/MPEG4', ''),
(59, 12, '480 x 800 пикселя', ''),
(67, 20, 'MP3/WAV/AMR/AWB', ''),
(67, 188, 'Есть', ''),
(67, 27, 'Есть', ''),
(69, 186, '16 млн.', ''),
(69, 10, 'TFT', ''),
(69, 12, '480 x 854 пикселя', ''),
(50, 19, '3GP/MPEG4', ''),
(50, 20, 'MP3/WAV/AMR/AWB', ''),
(60, 186, '260 тыс.', ''),
(60, 11, '4.1 дюйма', ''),
(60, 12, '176 x 220 пикселя', ''),
(70, 151, '802.11 b/g/n', ''),
(59, 1, '2G: GSM 850/900/1800/1900MHz 3G: WCDMA 850/2100MHz', ''),
(66, 53, '8 gb', ''),
(49, 150, 'OS Android 2', ''),
(49, 166, 'X210', ''),
(45, 158, 'сенсорная встроенная', ''),
(45, 157, '0.3 мегапикселя', ''),
(47, 153, '1024 x 768px', ''),
(47, 155, '1GB DDR2', ''),
(47, 156, '32GB SSD', ''),
(47, 151, '802.11 b/g/n', ''),
(71, 7, '343 гр', ''),
(59, 4, 'Android 4', ''),
(65, 186, '260 тыс.', ''),
(65, 13, 'Есть', ''),
(65, 14, 'полифония/MP3', ''),
(65, 15, 'Есть', ''),
(65, 19, '3GP/MPEG4', ''),
(65, 20, 'MP3/WAV/AMR/AWB', ''),
(65, 188, 'Есть', ''),
(65, 1, '2G: GSM 850/900/1800/1900MHz 3G: WCDMA 850/2100MHz', ''),
(65, 166, 'X26i', ''),
(51, 19, '3GP/MPEG4', ''),
(51, 20, 'MP3/WAV/AMR/AWB', ''),
(51, 27, 'Есть', ''),
(51, 28, 'Есть, голосовая навигация', ''),
(51, 50, '0,3 мегапикселя', ''),
(51, 185, '8,0 мегапикселя', ''),
(51, 60, '512MB', ''),
(51, 53, '4GB', ''),
(51, 154, 'MTK6575, Cortex A9, 1.0GHz', ''),
(51, 151, '802.11 b/g/n', ''),
(52, 19, '3GP/MPEG4', ''),
(52, 20, 'MP3/WAV/AMR/AWB', ''),
(52, 27, 'Есть', ''),
(52, 28, 'Есть, голосовая навигация', ''),
(52, 50, '0,3 мегапикселя', ''),
(52, 185, '8,0 мегапикселя', ''),
(52, 60, '512MB', ''),
(52, 53, '4GB', ''),
(52, 154, 'MTK6575, Cortex A9, 1.0GHz', ''),
(52, 151, '802.11 b/g/n', ''),
(50, 6, 'Пластик', ''),
(50, 4, 'Android 2.3.6', ''),
(50, 1, 'GSM 850/900/1800/1900MHz', ''),
(60, 9, 'TFT', ''),
(60, 7, '130 гр', ''),
(60, 6, 'Пластик', ''),
(60, 1, 'GSM 900/1800MHz', ''),
(60, 166, 'i9300', ''),
(63, 28, 'Есть, голосовая навигация', ''),
(63, 38, 'Есть', ''),
(63, 41, '500', ''),
(63, 50, '0,3 мегапикселя', ''),
(63, 185, '8,0 мегапикселя', ''),
(67, 4, 'Android 2.3.6', ''),
(64, 28, 'Есть, голосовая навигация', ''),
(64, 29, 'WAP/WIFI', ''),
(64, 27, 'Есть', ''),
(64, 188, 'Есть', ''),
(64, 20, 'MP3/WAV/AMR/AWB', ''),
(64, 19, '3GP/MPEG4', ''),
(64, 17, '720p HD', ''),
(64, 15, 'Есть', ''),
(64, 14, 'полифония/MP3', ''),
(64, 13, 'Есть', ''),
(64, 186, '16 млн.', ''),
(64, 10, 'TFT', ''),
(67, 1, '2G: GSM 850/900/1800/1900MHz 3G: WCDMA 850/2100MHz', ''),
(67, 166, 'GT-i9300', ''),
(69, 11, '4.0 дюйма', ''),
(70, 1, '2G: GSM 850/900/1800/1900MHz 3G: WCDMA 850/2100MHz', ''),
(70, 4, 'Android 4', ''),
(70, 6, 'Пластик', ''),
(70, 7, '424 гр', ''),
(70, 11, '4.0 дюйма', ''),
(70, 12, '480 x 854 пикселя', ''),
(70, 10, 'TFT, сенсорный экран', ''),
(70, 186, '16 млн.', ''),
(70, 13, 'Есть', ''),
(70, 14, 'полифония/MP3', ''),
(70, 15, 'Есть', ''),
(70, 19, '3GP/MPEG4', ''),
(70, 20, 'MP3/WAV/AMR/AWB', ''),
(70, 188, 'Есть', ''),
(70, 27, 'Есть', ''),
(70, 29, 'WAP/WIFI', ''),
(70, 28, 'Есть, голосовая навигация', ''),
(70, 60, '512MB', ''),
(70, 53, '4GB', ''),
(70, 154, 'MTK6575, 1.0GHz', ''),
(70, 166, 'Hero H8000', ''),
(70, 2, 'Смартфон', ''),
(71, 153, '1024 x 600px', ''),
(71, 152, '7 дюймов', ''),
(71, 176, 'GeForce 330MHz', ''),
(71, 154, 'NVIDIA Tegra2 T20; ARM Cortex A9 dual core, 1.2GHz;', ''),
(71, 150, 'OS Android 4.0', ''),
(71, 29, 'WIFI', ''),
(71, 53, '16GB', ''),
(59, 166, 'X26i', ''),
(72, 189, 'зарядное устройство, usb кабель', ''),
(72, 151, '802.11 b/g/n', ''),
(72, 182, '3.5mm, стерео выход', ''),
(72, 181, '180', ''),
(72, 179, 'MP3, WMA, WAV, APE, AAC, FLAC, OGG ', ''),
(72, 178, 'Есть', ''),
(71, 155, '1GB (DDR 3)', ''),
(71, 157, '5,0 мегапикселя', ''),
(71, 161, '1080P, AVI/MOV/MP4/RMVB/FLV/MKV', ''),
(71, 164, '5-6 часов', ''),
(71, 166, 'FreeLander PD10 Leader Dual Core Tablet PC', ''),
(72, 152, '10.1 дюймов', ''),
(72, 153, '1280 x 800px', ''),
(72, 155, '1GB (DDR 3)', ''),
(72, 157, '2,0 мегапикселя', ''),
(72, 159, 'File Manager, OfficeSuite, Google Search, Task Manager, Browser, Gallery, Android Webkit, Clock, Calculator, Calendar, iReader, Gmail', ''),
(72, 160, '1 x TF card slot; 1 x MINI HDMI port 1 x MINI USB port  1 x 3.5mm Earphone port', ''),
(72, 161, '2160P, AVI/MOV/MP4/RMVB/FLV/MKV', ''),
(72, 162, 'UMD, TXT, PDF, HTML, RTF, FB2', ''),
(72, 164, '8 часов', ''),
(72, 167, 'Есть', ''),
(72, 169, 'Не встроен, поддерживаются внешние 3G модемы', ''),
(72, 163, '7000mAh', ''),
(45, 161, '1080P, AVI/MOV/MP4/RMVB/FLV/MKV', ''),
(45, 162, 'UMD, TXT, PDF, HTML, RTF, FB2', ''),
(45, 164, '5-6 часов', ''),
(45, 167, 'Есть', ''),
(103, 6, 'Пластик', ''),
(105, 161, '2160P, AVI/MOV/MP4/RMVB/FLV/MKV', ''),
(109, 6, 'Пластик', ''),
(109, 7, '345гр', ''),
(109, 9, 'TFT', ''),
(109, 29, 'WAP/WIFI', ''),
(109, 60, '1GB', ''),
(109, 53, '8 gb', ''),
(109, 150, 'Android 4.0', ''),
(109, 121, '8GB TF Card', ''),
(109, 154, 'Amlogic 8726-M3L 1Gz', ''),
(109, 176, 'Mali-400', ''),
(109, 152, '7 дюймов', ''),
(109, 153, '800 x 480px', ''),
(109, 157, '0.3 мегапикселя', ''),
(109, 178, 'Есть', ''),
(109, 179, 'MP3, WMA, WAV, APE, AAC, FLAC, OGG ', ''),
(109, 180, 'JPG, BMP, PNG, GIF', ''),
(109, 181, '160', ''),
(109, 151, '802.11 b/g/n', ''),
(109, 189, 'зарядное устройство, usb кабель, наушники', ''),
(104, 150, 'Android 4.0', ''),
(74, 12, '480 x 800 пикселя', ''),
(74, 10, 'TFT', ''),
(74, 186, '260 тыс.', ''),
(74, 13, 'Есть', ''),
(74, 14, 'полифония/MP3', ''),
(74, 15, 'Есть', ''),
(74, 16, '3264 x 2448 пикселей', ''),
(74, 19, '3GP/MPEG4', ''),
(74, 20, 'MP3/WAV/AMR/AWB', ''),
(74, 188, 'Есть', ''),
(74, 27, 'Есть', ''),
(74, 29, 'WAP/WIFI', ''),
(74, 28, 'Есть, голосовая навигация', ''),
(74, 38, 'Есть', ''),
(74, 50, '0,3 мегапикселя', ''),
(74, 185, '8,0 мегапикселя', ''),
(74, 60, '512MB', ''),
(74, 53, '2Gb', ''),
(74, 61, 'SMS/MMS', ''),
(74, 154, 'MTK6575, 1.0GHz', ''),
(74, 163, '2500mAh', ''),
(74, 151, '802.11 b/g/n', ''),
(74, 189, 'зарядное устройство, usb кабель,1 x Data Cable, чехол черный, 2 батареи', ''),
(48, 50, '0,3 мегапикселя', ''),
(48, 28, 'Есть, голосовая навигация', ''),
(48, 29, 'WAP/WIFI', ''),
(48, 27, 'Есть', ''),
(48, 188, 'Есть', ''),
(48, 20, 'MP3/WAV/AMR/AWB', ''),
(48, 19, '3GP/MPEG4', ''),
(48, 15, 'Есть', ''),
(48, 14, 'полифония/MP3', ''),
(48, 13, 'Есть', ''),
(48, 186, '260 тыс.', ''),
(48, 6, 'Пластик', ''),
(48, 11, '4.3 дюйма', ''),
(48, 12, '540 x 960 пикселя', ''),
(48, 4, 'Android 4', ''),
(48, 1, '2G: GSM 850/900/1800/1900MHz 3G: WCDMA 850/2100MHz', ''),
(48, 166, 'X310e', ''),
(48, 185, '8,0 мегапикселя', ''),
(48, 60, '1GB', ''),
(48, 53, '1GB', ''),
(48, 154, 'MTK6575, 1.0GHz', ''),
(48, 72, 'Есть', ''),
(76, 154, 'MTK6575, 1.0GHz', ''),
(76, 53, '4GB', ''),
(76, 60, '512MB', ''),
(76, 185, '8,0 мегапикселя', ''),
(76, 50, '0,3 мегапикселя', ''),
(76, 38, 'Есть', ''),
(76, 28, 'Есть, голосовая навигация', ''),
(76, 29, 'WAP/WIFI', ''),
(76, 27, 'Есть', ''),
(76, 188, 'Есть', ''),
(76, 20, 'MP3/WAV/AMR/AWB', ''),
(76, 19, '3GP/MPEG4', ''),
(76, 17, '720p HD', ''),
(76, 15, 'Есть', ''),
(76, 14, 'полифония/MP3', ''),
(76, 13, 'Есть', ''),
(76, 186, '260 тыс.', ''),
(76, 10, 'TFT, сенсорный экран', ''),
(77, 29, 'WAP/WIFI', ''),
(77, 150, 'OS Android 4.0', ''),
(77, 154, 'Rockchip RK3066, 1.6GHz, Cortex A9 dual core', ''),
(77, 176, 'Mali 400 MP4', ''),
(77, 152, '8 дюймов', ''),
(77, 153, '1024 x 768px', ''),
(77, 157, '0.3 мегапикселя', ''),
(77, 158, 'сенсорная встроенная', ''),
(77, 159, 'File Manager, OfficeSuite, Google Search, Task Manager, Browser, Gallery, Android Webkit, Clock, Calculator, Calendar, iReader, Gmail', ''),
(77, 162, 'UMD, TXT, PDF, HTML, RTF, FB2', ''),
(77, 164, '5-6 часов', ''),
(77, 168, 'Русский, Английский, Немецкий, Китайский, Корейский ...', ''),
(77, 169, 'Не встроен, поддерживаются внешние 3G модемы', ''),
(77, 163, '3900mAh', ''),
(77, 174, '1 x TF card slot; 1 x MINI HDMI port 1 x MINI USB port ', ''),
(77, 177, '5 пальцевый', ''),
(77, 9, 'TFT', ''),
(77, 7, '487гр', ''),
(77, 166, 'Teclast P85 Dual Core Tablet PC', ''),
(77, 6, 'Алюминиевый корпус', ''),
(45, 176, 'Mali 400 MP2', ''),
(45, 156, '8 Гб, поддержка Micro SD / TF карт памяти до 32 Гб', ''),
(45, 155, '1GB (DDR 3)', ''),
(45, 153, '1024 x 768px', ''),
(45, 152, '8 дюймов', ''),
(78, 29, 'WAP/WIFI', ''),
(78, 27, 'Есть', ''),
(78, 166, 'JY-G2', ''),
(78, 1, '2G: GSM 850/900/1800/1900MHz 3G: WCDMA 850/2100MHz', ''),
(78, 4, 'Android 4', ''),
(78, 6, 'Пластик', ''),
(78, 7, '139 гр', ''),
(78, 9, 'TFT', ''),
(78, 11, '4.0 дюйма', ''),
(78, 12, '800 x 480 пикселя', ''),
(78, 186, '16 млн.', ''),
(78, 13, 'Есть', ''),
(78, 14, 'полифония/MP3', ''),
(78, 15, 'Есть', ''),
(78, 19, '3GP/MPEG4', ''),
(78, 20, 'MP3/WAV/AMR/AWB', ''),
(78, 188, 'Есть', ''),
(78, 2, 'Смартфон', ''),
(79, 189, '1 x 1300mAh аккумулятор, 3.5 наушники, дата кабель, зарядное устройство', ''),
(79, 151, '802.11 b/g/n', ''),
(79, 72, 'Есть', ''),
(79, 8, '123.2 x 61.8 x 10.2mm', ''),
(79, 172, 'Bluetooth 2.0', ''),
(79, 176, 'PowerVR SGX531', ''),
(79, 154, 'MTK6575, 1.0GHz', ''),
(79, 68, 'Есть', ''),
(79, 61, 'SMS/MMS', ''),
(79, 53, '4GB', ''),
(79, 60, '512MB', ''),
(79, 28, 'Есть, голосовая навигация', ''),
(79, 29, 'WAP/WIFI', ''),
(79, 188, 'Есть', ''),
(79, 27, 'Есть', ''),
(79, 20, 'MP3/WAV/AMR/AWB', ''),
(79, 19, '3GP/MPEG4', ''),
(79, 15, 'Есть', ''),
(79, 14, 'полифония/MP3', ''),
(79, 13, 'Есть', ''),
(79, 186, '16 млн.', ''),
(79, 12, '854 x 480 пикселя', ''),
(79, 11, '4.0 дюйма', ''),
(79, 9, 'IPS LED', ''),
(79, 2, 'Смартфон', ''),
(79, 166, 'ThL V12', ''),
(79, 1, '2G: GSM 850/900/1800/1900MHz 3G: WCDMA 850/2100MHz', ''),
(79, 4, 'Android 4', ''),
(79, 6, 'Пластик', ''),
(82, 60, '512MB', ''),
(82, 53, '8 gb', ''),
(81, 2, 'Мобильный телефон', ''),
(81, 166, 'S6500', ''),
(81, 1, 'GSM 900/1800MHz', ''),
(81, 6, 'Пластик', ''),
(81, 7, '116гр', ''),
(81, 11, '3 дюйма', ''),
(81, 12, '240 x 320 пикселей', ''),
(81, 10, 'TFT', ''),
(81, 186, '260 тыс.', ''),
(81, 14, 'полифония/MP3', ''),
(81, 15, 'Есть', ''),
(81, 19, '3GP/MPEG4', ''),
(81, 20, 'MP3/WAV/AMR/AWB', ''),
(81, 188, 'Есть', ''),
(81, 30, 'usb дата кабель', ''),
(81, 29, 'WAP/GPRS', ''),
(81, 53, '43K', ''),
(81, 121, 'TF карты до 8гб', ''),
(81, 154, 'MTK6225', ''),
(81, 172, 'Bluetooth 2.0', ''),
(81, 8, '108 x 57 x 12mm', ''),
(81, 72, 'Есть', ''),
(81, 187, 'TV, Bluetooth, FM radio, Ebook, camera, AV recorder, AV player, wallpapers, calendar, calculator, clock, tasks, game, flashlight', ''),
(82, 15, 'Есть', ''),
(82, 17, '720p HD', ''),
(82, 19, '3GP/MPEG4', ''),
(82, 20, 'MP3/WAV/AMR/AWB', ''),
(82, 188, 'Есть', ''),
(82, 27, 'Есть', ''),
(82, 29, 'WAP/WIFI', ''),
(82, 185, '5,0 мегапикселя', ''),
(83, 153, '800 x 480px', ''),
(83, 152, '7 дюймов', ''),
(83, 53, '4GB', ''),
(83, 154, 'Allwinner A13, 1.2GHZ', ''),
(83, 176, 'Mali 400', ''),
(83, 60, '512MB', ''),
(83, 157, '0.3 мегапикселя', ''),
(84, 7, '313гр', ''),
(85, 166, 'Star A800', ''),
(85, 4, 'Android 2.3.4', ''),
(85, 6, 'Пластик', ''),
(85, 11, '4.0 дюйма', ''),
(85, 13, 'Есть', ''),
(85, 14, 'полифония/MP3', ''),
(85, 15, 'Есть', ''),
(85, 17, '720p HD', ''),
(85, 19, '3GP/MPEG4', ''),
(85, 20, 'MP3/WAV/AMR/AWB', ''),
(85, 188, 'Есть', ''),
(85, 27, 'Есть', ''),
(85, 29, 'WAP/WIFI', ''),
(85, 28, 'Есть, голосовая навигация', ''),
(85, 53, '32Gb', ''),
(85, 151, '802.11 b/g', ''),
(85, 195, 'Есть', ''),
(85, 2, 'Смартфон', ''),
(89, 189, '3D очки, usb кабель, передатчик, чехол для очков, чистящая салфетка', ''),
(90, 2, 'Контроллер PS3', ''),
(90, 187, 'Вибро режим, Bluetooth', ''),
(91, 7, '665гр', ''),
(91, 9, 'IPS LED', ''),
(91, 29, 'WAP/WIFI', ''),
(91, 60, '1GB', ''),
(91, 53, '16GB', ''),
(91, 150, 'Android 4.0.4', ''),
(91, 121, 'TF карты до 32гб', ''),
(91, 154, 'RK3066 Dual Core', ''),
(91, 152, '10.1 дюймов', ''),
(91, 153, '1280 x 800px', ''),
(91, 178, 'Есть', ''),
(92, 8, '213x156x14mm', ''),
(91, 6, 'Пластик', ''),
(91, 166, 'Cube U30GT', ''),
(92, 178, 'Есть', ''),
(92, 163, '3000mAH', ''),
(92, 169, 'Не встроен, поддерживаются внешние 3G модемы', ''),
(92, 164, '5-6 часов', ''),
(92, 157, '0.3 мегапикселя', ''),
(92, 161, 'H.264/VC-1/MPEG-2/MPEG4/XviD/DivX/Real 8\\9\\10/AVI/RM/RMVB/PMP/FLV/MP4/M4V/VOB/WMV/3GP/MKV/up to 2160P(3840×2160) HD', ''),
(92, 153, '800 x 600px', ''),
(92, 176, 'Mali 400', ''),
(92, 152, '8 дюймов', ''),
(92, 154, 'Allwinner A10, 1.5GHZ', ''),
(92, 150, 'Andriod 4.0.3 ICS', ''),
(92, 6, 'Пластик', ''),
(92, 7, '500гр', ''),
(92, 29, 'WAP/WIFI', ''),
(92, 60, '512MB', ''),
(92, 53, '16GB', ''),
(92, 166, 'vi30w', ''),
(92, 151, '802.11 b/g/n', ''),
(92, 189, 'зарядное устройство, usb кабель, наушники, OTG кабель', ''),
(94, 1, '2G: GSM 850/900/1800/1900MHz 3G: WCDMA 850/2100MHz', ''),
(94, 4, 'Android 2.3.4', ''),
(94, 6, 'Пластик', ''),
(94, 7, '140гр', ''),
(94, 11, '4.0 дюйма', ''),
(94, 13, 'Есть', ''),
(94, 14, 'полифония/MP3', ''),
(94, 15, 'Есть', ''),
(94, 17, '720p HD', ''),
(94, 19, '3GP/MPEG4', ''),
(94, 20, 'MP3/WAV/AMR/AWB', ''),
(94, 188, 'Есть', ''),
(94, 27, 'Есть', ''),
(94, 29, 'WAP/WIFI', ''),
(94, 28, 'Есть, голосовая навигация', ''),
(94, 166, 'Huawei Honor U8860', ''),
(94, 2, 'Смартфон', ''),
(95, 161, '1080P, AVI/MOV/MP4/RMVB/FLV/MKV…', ''),
(95, 160, '1 x TF card slot; 1 x MINI HDMI port 1 x MINI USB port  1 x 3.5mm Earphone port', ''),
(95, 152, '7 дюймов', ''),
(95, 157, '0.3 мегапикселя', ''),
(95, 176, 'Mali400 GPU', ''),
(95, 154, 'VIA WM8850 1.5GHz Cortex-A9+', ''),
(95, 150, 'Andriod 4.0.3 ICS', ''),
(95, 53, '4GB', ''),
(95, 166, 'VIA 8850 VIA02', ''),
(95, 6, 'Пластик', ''),
(95, 29, 'WAP/WIFI', ''),
(95, 60, '512MB DDR3', ''),
(93, 60, '512MB', ''),
(93, 166, 'N800', ''),
(93, 1, '2G: GSM 850/900/1800/1900MHz 3G: WCDMA 850/2100MHz', ''),
(93, 4, 'Android 4.0.3', ''),
(93, 6, 'Пластик', ''),
(93, 11, '4.3 дюйма', ''),
(93, 12, '800 x 480 пикселя', ''),
(93, 13, 'Есть', ''),
(93, 27, 'Есть', ''),
(93, 29, 'WAP/WIFI', ''),
(93, 28, 'Есть, голосовая навигация', ''),
(93, 50, '0,3 мегапикселя', ''),
(93, 185, '5,0 мегапикселя', ''),
(93, 2, 'Смартфон', ''),
(96, 6, 'Пластик', ''),
(96, 7, '600гр', ''),
(96, 29, 'WAP/WIFI', ''),
(96, 60, '512MB', ''),
(96, 53, '4GB', ''),
(96, 150, 'Android 4.0', ''),
(96, 154, 'Allwinner A13, 1.2GHZ', ''),
(96, 176, 'Mali 400', ''),
(96, 152, '7 дюймов', ''),
(96, 153, '800 x 480px', ''),
(96, 157, '1,3 мегапикселя', ''),
(96, 161, '1080P, AVI/MOV/MP4/RMVB/FLV/MKV…', ''),
(94, 36, 'до 6 часов', ''),
(82, 61, 'SMS/MMS', ''),
(82, 154, '1.5GHz', ''),
(82, 163, '1230 mAh', ''),
(82, 172, 'Bluetooth 2.1', ''),
(82, 8, '122mm x 68mm x 11.2mm', ''),
(82, 72, 'нет', ''),
(100, 29, 'WAP/WIFI', ''),
(100, 60, '256Mb', ''),
(100, 53, '2Gb', ''),
(94, 185, '8,0 мегапикселя', ''),
(45, 181, '150', ''),
(45, 182, '3.5mm, стерео выход', ''),
(94, 50, '2,0 мегапикселя', ''),
(45, 180, 'JPG, BMP, PNG, GIF', ''),
(45, 179, 'MP3, WMA, WAV, APE, AAC, FLAC, OGG ', ''),
(45, 178, 'Есть', ''),
(94, 60, '512MB', ''),
(94, 154, '1.4 GHz Scorpion', ''),
(94, 176, 'Adreno 205', ''),
(94, 163, '1900 mAh', ''),
(94, 172, 'Bluetooth 2.1', ''),
(94, 196, 'Accelerometer, gyro, proximity, compass', ''),
(45, 177, '5 пальцевый', ''),
(82, 14, 'полифония/MP3', ''),
(82, 13, 'Есть', ''),
(82, 10, 'TFT', ''),
(82, 6, 'Пластик', ''),
(82, 7, '162гр', ''),
(82, 9, 'TFT', ''),
(82, 11, '4.3 дюйма', ''),
(82, 4, 'Windows Mobile', ''),
(82, 166, 'HTC HD7 T9292', ''),
(82, 151, '802.11 b/g/n', ''),
(64, 12, '1280 x 720 пикселя', ''),
(64, 11, '4,5 дюйма', ''),
(64, 7, '139 гр', ''),
(103, 13, 'Есть', ''),
(103, 14, 'полифония/MP3', ''),
(103, 15, 'Есть', ''),
(103, 17, '720p HD', ''),
(103, 19, '3GP/MPEG4', ''),
(103, 20, 'MP3/WAV/AMR/AWB', ''),
(103, 188, 'Есть', ''),
(103, 27, 'Есть', ''),
(103, 29, 'WAP/WIFI', ''),
(103, 28, 'Есть, голосовая навигация', ''),
(103, 50, '0,3 мегапикселя', ''),
(103, 185, '8,0 мегапикселя', ''),
(76, 12, '800 x 480 пикселя', ''),
(76, 11, '5,0 дюйма', ''),
(76, 9, 'TFT', ''),
(76, 7, '501гр', ''),
(76, 6, 'Пластик', ''),
(76, 4, 'Android 4', ''),
(76, 166, 'N8000', ''),
(76, 1, '2G: GSM 850/900/1800/1900MHz 3G: WCDMA 850/2100MHz', ''),
(76, 2, 'Смартфон', ''),
(76, 72, 'Есть', ''),
(76, 151, '802.11 b/g', ''),
(103, 186, '16 млн.', ''),
(103, 12, '960 x 540 пикселя', ''),
(63, 12, '540 x 960 пикселя', ''),
(63, 11, '4.3 дюйма', ''),
(63, 9, 'QHD', ''),
(63, 7, '437гр', ''),
(63, 6, 'Пластик', ''),
(63, 4, 'Android 4', ''),
(63, 166, 'ZOPO ZP200', ''),
(63, 1, '2G: GSM 850/900/1800/1900MHz 3G: WCDMA 850/2100MHz', ''),
(64, 38, 'Есть', ''),
(64, 41, '500', ''),
(64, 50, '2,0 мегапикселя', ''),
(64, 185, '5,0 мегапикселя', ''),
(69, 13, 'Есть', ''),
(69, 14, 'полифония/MP3', ''),
(69, 15, 'Есть', ''),
(104, 53, '4GB', ''),
(104, 60, '512MB', ''),
(104, 29, 'WAP/WIFI', ''),
(105, 169, 'Не встроен, поддерживаются внешние 3G модемы', ''),
(105, 163, '7000mAh', ''),
(105, 178, 'Есть', ''),
(105, 179, 'MP3, WMA, WAV, APE, AAC, FLAC, OGG ', ''),
(105, 180, 'JPG, BMP, PNG, GIF', ''),
(105, 181, '180', ''),
(105, 172, 'Bluetooth 2.1', ''),
(105, 151, '802.11 b/g/n', ''),
(93, 53, '4GB', ''),
(93, 121, 'TF карты до 32гб', ''),
(93, 154, 'MTK6575 1.0GHz', ''),
(93, 163, '2500MAH', ''),
(93, 172, 'Есть', ''),
(93, 8, '126x68x9.8mm', ''),
(93, 72, 'Есть', ''),
(93, 151, '802.11 b/g', ''),
(103, 11, '4.3 дюйма', ''),
(103, 9, 'TFT', ''),
(105, 167, 'Есть', ''),
(105, 162, 'UMD, TXT, PDF, HTML, RTF, FB2', ''),
(105, 164, 'до 7 часов', ''),
(72, 176, 'Mali 400', ''),
(72, 150, 'OS Android 4.0', ''),
(72, 154, 'All Winner A10, 1.0GHz, Cortex A8', ''),
(72, 53, '16GB', ''),
(72, 29, 'WAP/WIFI', ''),
(72, 9, 'IPS LED', ''),
(72, 7, '627гр', ''),
(72, 6, 'Алюминиевый корпус', ''),
(72, 166, 'Ampe A10 Tablet PC', ''),
(105, 160, '1 x TF card slot; 1 x MINI HDMI port 1 x MINI USB port  1 x 3.5mm Earphone port', ''),
(105, 158, 'сенсорная встроенная', ''),
(105, 157, '2,0 мегапикселя', ''),
(73, 6, 'Металлик', ''),
(73, 7, '671гр', ''),
(73, 8, '261 x 171 x 9.5mm', ''),
(45, 168, 'Russian, French, Italian, Dutch,  English...', ''),
(45, 169, 'Не встроен, поддерживаются внешние 3G модемы', ''),
(45, 163, '4400mAh', ''),
(77, 178, 'Есть', ''),
(77, 179, 'MP3, WMA, WAV, APE, AAC, FLAC, OGG ', ''),
(77, 180, 'JPG, BMP, PNG, GIF', ''),
(77, 181, '120', ''),
(77, 182, '3.5mm, стерео выход', ''),
(77, 151, '802.11 b/g/n', ''),
(77, 189, 'зарядное устройство, usb кабель, наушники, OTG кабель', ''),
(45, 154, 'Amlogic AML8726-MX, 1.2GHz (up to 1.5 GHz), Cortex A9 dual core', ''),
(45, 150, 'OS Android 4.0', ''),
(45, 166, 'ONDA VI30 Dual Core Version Tablet PC', ''),
(106, 163, '2800MAH', ''),
(106, 1, '2G: GSM 850/900/1800/1900MHz 3G: WCDMA 850/2100MHz', ''),
(106, 4, 'Android 4', ''),
(106, 6, 'Пластик', ''),
(106, 11, '5,2 дюйма', ''),
(106, 12, '800 x 480 пикселя', ''),
(106, 186, '16 млн.', ''),
(106, 13, 'Есть', ''),
(106, 14, 'полифония/MP3', ''),
(106, 15, 'Есть', ''),
(106, 19, '3GP/MPEG4', ''),
(106, 20, 'MP3/WAV/AMR/AWB', ''),
(106, 188, 'Есть', ''),
(106, 27, 'Есть', ''),
(106, 29, 'WAP/WIFI', ''),
(106, 28, 'Есть, голосовая навигация', ''),
(106, 50, '0,3 мегапикселя', ''),
(106, 185, '5,0 мегапикселя', ''),
(106, 60, '512MB', ''),
(106, 53, '32Gb', ''),
(106, 154, 'MT6575-1GHZ Dual-Core', ''),
(106, 166, 'I9220', ''),
(106, 2, 'Смартфон', ''),
(106, 72, 'Есть', ''),
(106, 151, '802.11 b/g/n', ''),
(103, 60, '512MB', ''),
(103, 53, '4GB', ''),
(103, 154, 'MTK6575 ARMv7 Cortex-A9 1.0GHz', ''),
(103, 176, 'PowerVR SGX531 Ultra', ''),
(103, 163, '3000mAH', ''),
(103, 72, 'Есть', ''),
(103, 151, '802.11 b/g/n', ''),
(45, 172, 'Нету', ''),
(45, 165, '215 x 158 x 10мм', ''),
(45, 151, '802.11 b/g/n', ''),
(45, 189, 'зарядное устройство, usb кабель', ''),
(49, 153, '800 x 480px', ''),
(49, 155, '256MB', ''),
(49, 156, '512MB Nand Flash', ''),
(50, 50, '2.0 мегапикселя', ''),
(50, 60, '256Mb', ''),
(50, 53, '256MB', ''),
(50, 64, 'Есть', ''),
(50, 154, 'MTK6515, 1.0GHz', ''),
(50, 151, '802.11 b/g/n', ''),
(59, 27, 'Есть', ''),
(59, 38, 'Есть', ''),
(59, 50, '0,3 мегапикселя', ''),
(59, 185, '8,0 мегапикселя', ''),
(59, 60, '512MB', ''),
(59, 53, '4GB', ''),
(59, 154, 'MTK6575, 1.0GHz', ''),
(59, 72, 'Есть', ''),
(59, 151, '802.11 b/g', ''),
(65, 27, 'Есть', ''),
(65, 38, 'Есть', ''),
(65, 50, '0,3 мегапикселя', ''),
(65, 185, '8,0 мегапикселя', ''),
(65, 60, '512MB', ''),
(65, 53, '4GB', ''),
(65, 61, 'SMS/MMS', ''),
(65, 154, 'MTK6575, 1.0GHz', ''),
(65, 72, 'Есть', ''),
(65, 151, '802.11 b/g', ''),
(60, 23, 'Есть', ''),
(60, 188, 'Есть', ''),
(60, 60, '294.5K', ''),
(60, 68, 'Есть', ''),
(60, 154, 'MTK6225', ''),
(63, 60, '1GB', ''),
(63, 53, '4GB', ''),
(63, 61, 'SMS/MMS', ''),
(63, 68, 'Есть', ''),
(63, 154, 'MTK6575, Cortex A9, 1.0GHz', ''),
(63, 72, 'Есть', ''),
(63, 151, '802.11 b/g', ''),
(63, 187, '3G, naked eye 3D, HDMI, GPS,WIFI, Bluetooth, FM radio,  UC browser, Himarket, MSN, Email, Gmail, Google search', ''),
(64, 6, 'Пластик', ''),
(64, 4, 'Android 4', ''),
(64, 1, '2G: GSM 850/900/1800/1900MHz 3G: WCDMA 850/2100MHz', ''),
(64, 166, 'ZOPO ZP300 Field', ''),
(64, 2, 'Смартфон', ''),
(64, 60, '1GB', ''),
(64, 53, '4GB', ''),
(64, 154, 'MTK6575, Cortex A9, 1.0GHz;', ''),
(64, 176, 'Power SGX531', ''),
(64, 72, 'Есть', ''),
(66, 155, '1GB (DDR 3)', ''),
(69, 6, 'Пластик', ''),
(69, 4, 'Android 4', ''),
(69, 1, '2G: GSM 850/900/1800/1900MHz 3G: WCDMA 850/2100MHz', ''),
(69, 166, 'ZOPO ZP500', ''),
(71, 168, 'Russian, French, Italian, Dutch,  English...', ''),
(71, 177, '5 пальцевый', ''),
(71, 178, 'Есть', ''),
(71, 181, '178', ''),
(71, 182, '3.5mm, стерео выход', ''),
(71, 172, 'Есть', ''),
(71, 165, '198 x 123 x 10.8мм', ''),
(71, 151, '802.11 b/g/n', ''),
(100, 9, 'TFT', ''),
(100, 6, 'Пластик', ''),
(100, 166, 'VIA8650', ''),
(95, 162, 'UMD, TXT, PDF, HTML, RTF, FB2', ''),
(95, 164, '5-6 часов', ''),
(95, 163, '3000mAH', ''),
(95, 178, 'Есть', ''),
(95, 179, 'MP3, WMA, WAV, APE, AAC, FLAC, OGG ', ''),
(95, 180, 'JPG, BMP, PNG, GIF', ''),
(78, 28, 'Есть, голосовая навигация', ''),
(78, 50, '0,3 мегапикселя', ''),
(78, 185, '8,0 мегапикселя', ''),
(78, 60, '1GB', ''),
(78, 53, '4GB', ''),
(78, 154, 'MTK6575, 1.0GHz', ''),
(78, 8, '124 × 63 × 10.6mm', ''),
(78, 72, 'Есть', ''),
(78, 151, '802.11 b/g', ''),
(74, 11, '4.3 дюйма', ''),
(74, 9, 'TFT', ''),
(74, 7, '143гр', ''),
(74, 6, 'Пластик', ''),
(74, 4, 'Android 4', ''),
(74, 2, 'Смартфон', ''),
(74, 166, 'N800 Mini Note', ''),
(74, 1, '2G: GSM 850/900/1800/1900MHz 3G: WCDMA 850/2100MHz', ''),
(107, 121, 'MicroSD', ''),
(107, 53, '512Mb', ''),
(107, 68, 'Есть', ''),
(107, 60, '488Mb', ''),
(107, 185, '5,0 мегапикселя', ''),
(107, 29, 'WAP/WIFI', ''),
(107, 12, '480 x 800 пикселя', ''),
(107, 11, '4.3 дюйма', ''),
(107, 7, '157гр', ''),
(107, 6, 'Пластик', ''),
(107, 4, 'Windows Mobile 6.5 Professional', ''),
(107, 166, 'T8585', ''),
(107, 1, '2G: GSM 850/900/1800/1900MHz 3G: WCDMA 850/2100MHz', ''),
(107, 2, 'Смартфон', ''),
(107, 154, 'Qualcomm Snapdragon 1GMHz', ''),
(107, 8, '121×67×11mm', ''),
(103, 7, '123гр', ''),
(108, 151, '802.11 b/g/n', ''),
(108, 8, '190X120X10.4mm', ''),
(108, 182, '3.5mm, стерео выход', ''),
(108, 180, 'JPG, BMP, PNG, GIF', ''),
(108, 179, 'MP3, WMA, WAV, APE, AAC, FLAC, OGG ', ''),
(108, 163, '4000mAH', ''),
(108, 169, 'Не встроен, поддерживаются внешние 3G модемы', ''),
(108, 164, '5-6 часов', ''),
(108, 162, 'UMD, TXT, PDF, HTML, RTF, FB2', ''),
(108, 161, '1080P, AVI/MOV/MP4/RMVB/FLV/MKV', ''),
(108, 160, '1 x Mini USB OTG (for connecting PC)  1 x Mini USB Host 1 x TF Card slot  1 x DC Jack  1 x Earphone Jack', ''),
(108, 157, '1,3 мегапикселя', ''),
(108, 153, '1024 x 600px', ''),
(108, 152, '7 дюймов', ''),
(108, 176, 'Mali400 GPU Dual Core', ''),
(108, 166, 'Ramos W17pro', ''),
(108, 6, 'Пластик', ''),
(108, 7, '348гр', ''),
(108, 9, 'TFT', ''),
(108, 29, 'WAP/WIFI', ''),
(108, 60, '1GB DDR3', ''),
(108, 53, '8 gb', ''),
(108, 150, 'Android 4.0', ''),
(108, 154, 'Amlogic 8726-Mx Cortex A9 Dual Core', ''),
(105, 153, '1280 x 800px', ''),
(105, 152, '10.1 дюймов', ''),
(105, 176, 'Mali 400', ''),
(105, 166, 'Sanei N10', ''),
(105, 6, 'Пластик', ''),
(105, 7, '590гр', ''),
(105, 9, 'TFT', ''),
(105, 29, 'WAP/WIFI', ''),
(105, 60, '1GB DDR3', ''),
(105, 53, '16GB', ''),
(105, 150, 'Android 4.0.3', ''),
(105, 121, 'TF карты до 32гб', ''),
(105, 154, 'Allwinner A10 1.5GHz', ''),
(103, 4, 'Android 2.3.6', ''),
(103, 1, '2G: GSM 850/900/1800/1900MHz 3G: WCDMA 850/2100MHz', ''),
(103, 2, 'Смартфон', ''),
(103, 166, 'W2', ''),
(103, 193, 'usb кабель, зарядное устройство, наушники', ''),
(67, 29, 'WAP/WIFI', ''),
(67, 28, 'Есть, голосовая навигация', ''),
(67, 50, '0,3 мегапикселя', ''),
(67, 185, '8,0 мегапикселя', ''),
(67, 60, '512MB', ''),
(67, 53, '256MB', ''),
(67, 154, 'MTK6575, 1.0GHz', ''),
(67, 72, 'Есть', ''),
(67, 151, '802.11 b/g/n', ''),
(96, 164, '2-5 часов', ''),
(96, 167, 'Есть', ''),
(96, 178, 'Есть', ''),
(96, 151, '802.11 b/g/n', ''),
(96, 189, '1 зарядное, usb кабель, 1 мануал', ''),
(96, 166, 'ELE NEW 7 inch', ''),
(100, 154, 'VIA WM8650 ARM926 800MHZ', ''),
(100, 152, '7 дюймов', ''),
(100, 151, '802.11 b/g', ''),
(69, 27, 'Есть', ''),
(69, 29, 'WAP/WIFI', ''),
(69, 28, 'Есть, голосовая навигация', ''),
(69, 60, '512MB', ''),
(69, 53, '4GB', ''),
(69, 154, 'MTK6575, 1.0GHz', ''),
(69, 72, 'Есть', ''),
(69, 151, '802.11 b/g/n', ''),
(109, 166, 'Novo 7 Tornados', '');

-- --------------------------------------------------------

--
-- Структура таблицы `s_orders`
--

CREATE TABLE IF NOT EXISTS `s_orders` (
  `id` bigint(20) NOT NULL,
  `delivery_id` int(11) DEFAULT NULL,
  `delivery_price` float(10,2) NOT NULL DEFAULT '0.00',
  `payment_method_id` int(11) DEFAULT NULL,
  `paid` int(1) NOT NULL DEFAULT '0',
  `payment_date` datetime NOT NULL,
  `closed` tinyint(1) NOT NULL,
  `date` datetime DEFAULT NULL,
  `user_id` int(11) DEFAULT '0',
  `name` varchar(255) NOT NULL DEFAULT '',
  `address` varchar(255) NOT NULL DEFAULT '',
  `phone` varchar(255) NOT NULL DEFAULT '',
  `email` varchar(255) NOT NULL,
  `comment` varchar(1024) NOT NULL,
  `status` int(11) NOT NULL DEFAULT '0',
  `url` varchar(255) DEFAULT NULL,
  `payment_details` text NOT NULL,
  `ip` varchar(15) NOT NULL,
  `total_price` float(10,2) NOT NULL,
  `note` varchar(1024) NOT NULL,
  `discount` float(5,2) NOT NULL,
  `coupon_discount` float(10,2) NOT NULL,
  `coupon_code` varchar(255) NOT NULL,
  `separate_delivery` int(1) NOT NULL DEFAULT '0',
  `modified` timestamp NOT NULL DEFAULT CURRENT_TIMESTAMP
) ENGINE=MyISAM AUTO_INCREMENT=26 DEFAULT CHARSET=utf8;

--
-- Дамп данных таблицы `s_orders`
--

INSERT INTO `s_orders` (`id`, `delivery_id`, `delivery_price`, `payment_method_id`, `paid`, `payment_date`, `closed`, `date`, `user_id`, `name`, `address`, `phone`, `email`, `comment`, `status`, `url`, `payment_details`, `ip`, `total_price`, `note`, `discount`, `coupon_discount`, `coupon_code`, `separate_delivery`, `modified`) VALUES
(1, 3, 3.84, 0, 0, '0000-00-00 00:00:00', 0, '2012-05-09 15:27:27', 0, 'Артемий Иванов', 'Москва, Шоссе Энтузиастов 56', '545-65-34', 'ai@mail.ru', '', 3, '3bc6d5763e8fd5a3ec784c8561402498', '', '', 35439.04, '', 5.00, 0.00, '', 0, '2012-07-16 11:52:31'),
(2, 0, 0.00, 0, 0, '0000-00-00 00:00:00', 0, '2011-11-09 15:29:04', 0, 'Константин Мельников', 'Москва, ул. Строителей 3', '333-23-23', 'mmk@yandex.ru', '', 3, 'e30a721505aed9c376595d729b1ab3f1', '', '', 19200.00, '', 0.00, 0.00, '', 0, '2012-07-16 11:52:33'),
(3, 3, 0.00, 2, 0, '0000-00-00 00:00:00', 0, '2012-07-18 21:00:09', 0, 'isk_buying_form', '', '', 'akulalolo@mail.ru', '', 3, '84eb4fa3ce8a8f9ac322cc65bb307ec9', '', '', 25000.00, '', 0.00, 0.00, '', 0, '2012-07-28 14:26:17'),
(4, 3, 399.04, 2, 0, '0000-00-00 00:00:00', 0, '2012-07-18 21:03:55', 0, 'isk_buying_form', '', '', 'akulalolo@mail.ru', '', 3, '0521b9bf3e3b5cebc3ee6bbc7a456757', '', '', 3399.04, '', 0.00, 0.00, '', 0, '2012-07-28 14:26:17'),
(5, 3, 399.04, 2, 0, '0000-00-00 00:00:00', 0, '2012-07-18 21:05:26', 0, 'isk_buying_form', '', '', 'akulalolo@mail.ru', '', 3, '262f3d37bafec1ec35432cb52e3af59f', '', '', 3399.04, '', 0.00, 0.00, '', 0, '2012-07-28 14:26:17'),
(6, 3, 399.04, 2, 0, '0000-00-00 00:00:00', 0, '2012-07-18 21:12:24', 0, 'isk_buying_form', '', '', 'akulalolo@mail.ru', '', 3, '314a1a56213dd703af9452624a998a1d', '', '', 11399.04, '', 0.00, 0.00, '', 0, '2012-07-28 14:26:17'),
(7, 3, 399.04, 9, 0, '0000-00-00 00:00:00', 0, '2012-07-28 18:24:06', 0, 'Еблан ебланыч', '123123', '123123123', 'asdasd@dsf.com', '', 3, 'f7d8749e8abe80708c25fd48f71985d3', '', '', 5298.88, '', 0.00, 0.00, '', 0, '2012-07-28 14:26:17'),
(8, 0, 0.00, 9, 0, '0000-00-00 00:00:00', 0, '2012-07-28 18:26:40', 0, 'ONDA VI30 Dual Core Version', '123123', '12321', 'asdasd@dsf.com', '', 3, 'ade26ed746e39600959cc6d690932407', '', '', 5770.88, '', 0.00, 0.00, '', 0, '2012-08-08 04:02:22'),
(9, 4, 0.00, NULL, 0, '0000-00-00 00:00:00', 0, '2012-08-21 13:06:32', 0, 'жопосручкой', 'фывфывфывфы', '', 'fxbyden@gmail.com', 'фывфывфывфывфывфывфыв', 3, '9b31fe7846a485186e9e7abb0922de10', '', '', 10620.16, '', 0.00, 0.00, '', 0, '2012-08-21 09:46:25'),
(10, 4, 0.00, NULL, 0, '0000-00-00 00:00:00', 0, '2012-08-21 13:44:31', 0, 'жопосручкой', 'фывфывфывфы', '', 'fxbyden@gmail.com', '', 3, 'c6441135a1974efceb63a8ae8f57bb46', '', '', 10620.16, '', 0.00, 0.00, '', 0, '2012-08-21 09:46:23'),
(11, 4, 0.00, NULL, 0, '0000-00-00 00:00:00', 0, '2012-08-21 13:45:56', 0, 'жопосручкой', 'фывфывфывфы', '', 'fxbyden@gmail.com', '', 3, '94764e8882734cae2a09e8cac0907864', '', '', 10620.16, '', 0.00, 0.00, '', 0, '2012-08-21 10:25:05'),
(12, 4, 0.00, NULL, 0, '0000-00-00 00:00:00', 0, '2012-08-21 14:22:45', 0, 'Ainol Novo 7 Tornados', 'фывфывфывфы', '854654', 'akulalolo@mail.ru', 'sadasd', 3, '9edd1178dd3c0e256c969211d946f8b0', '', '', 7200.00, '', 0.00, 0.00, '', 0, '2012-08-21 10:25:03'),
(13, 4, 0.00, NULL, 0, '0000-00-00 00:00:00', 0, '2012-08-21 14:25:51', 0, 'Ainol Novo 7 Tornados', 'qasda', '123123', 'fxbyden@gmail.com', 'sdasdsa', 3, '3af4501b7818e7b709a95c2ccbe203d6', '', '', 289.00, '', 0.00, 0.00, '', 0, '2012-08-21 10:26:21'),
(14, 4, 0.00, NULL, 0, '0000-00-00 00:00:00', 0, '2012-08-21 18:00:48', 0, 'Ainol Novo 7 Tornados', 'фывфывфывфы', '854654', 'fxbyden@gmail.com', '', 3, '59bcaf8dd0b1ae9764747809aff2e3ff', '', '', 4200.00, '', 0.00, 0.00, '', 0, '2012-08-21 14:04:20'),
(15, 4, 0.00, NULL, 0, '0000-00-00 00:00:00', 0, '2012-08-21 18:01:31', 0, 'Ainol Novo 7 Tornados', 'asd', '854654', 'fxbyden@gmail.com', 'asdasd', 3, '9f27bd05dd22878051aa65cb4912d551', '', '', 4200.00, '', 0.00, 0.00, '', 0, '2012-08-21 14:04:19'),
(16, 4, 0.00, NULL, 0, '0000-00-00 00:00:00', 0, '2012-08-21 18:02:01', 0, 'Ainol Novo 7 Tornados', 'asd', '854654', 'fxbyden@gmail.com', 'asdasd', 3, 'a4cd8f431511273267b045ba5ded5fdd', '', '', 4200.00, '', 0.00, 0.00, '', 0, '2012-08-21 14:04:17'),
(17, 4, 0.00, NULL, 0, '0000-00-00 00:00:00', 0, '2012-08-21 18:03:19', 0, 'sad', 'asdasd', '123123', 'asd@sasd.cc', '', 3, '72158f629ee9e3b3969f3683e69877e9', '', '', 4200.00, '', 0.00, 0.00, '', 0, '2012-08-21 16:09:35'),
(18, 4, 0.00, NULL, 0, '0000-00-00 00:00:00', 0, '2012-08-21 18:56:56', 0, 'Ainol Novo 7 Tornados', 'фывфывфывфы', '854654', 'akulalolo@mail.ru', '', 3, 'f4dfd5286338849f3497c83264d8a953', '', '', 7200.00, '', 0.00, 0.00, '', 0, '2012-08-21 16:09:35'),
(19, 4, 0.00, NULL, 0, '0000-00-00 00:00:00', 0, '2012-08-21 19:48:22', 0, 'Ainol Novo 7 Tornados', 'фывфывфывфы', '854654', 'akulalolo@mail.ru', '', 3, 'c9c20240604cd2442e1a761ba61b7f69', '', '', 7680.00, '', 0.00, 0.00, '', 0, '2012-08-21 16:09:35'),
(20, 4, 0.00, NULL, 0, '0000-00-00 00:00:00', 0, '2012-08-21 19:58:39', 0, 'Ainol Novo 7 Tornados', 'фывфывфывфы', '854654', 'fxbyden@gmail.com', '', 3, '020b4b13a0b3abb4d4e6a9288bd8fd0c', '', '', 7200.00, '', 0.00, 0.00, '', 0, '2012-08-21 16:09:35'),
(21, 4, 0.00, NULL, 0, '0000-00-00 00:00:00', 0, '2012-08-21 20:10:04', 0, 'Ainol Novo 7 Tornados', '', '854654', 'akulalolo@mail.ru', '', 3, 'c6ff9825aaec6ee82deb3ddcf867fb18', '', '', 13330.00, '', 0.00, 0.00, '', 0, '2012-08-23 19:11:25'),
(22, 4, 0.00, NULL, 0, '0000-00-00 00:00:00', 0, '2012-11-01 15:48:40', 0, 'Лучшие игры для Андроида 2012', 'Москва сколольникова 12-5', '5465465465', 'denis.smertni@yandex.ru', '', 3, '625ea2429260ffacf1f39c4b7d5a29d8', '', '', 3840.00, '', 0.00, 0.00, '', 0, '2012-11-08 12:34:30'),
(23, 4, 0.00, NULL, 0, '0000-00-00 00:00:00', 0, '2012-11-08 14:22:11', 0, 'Планшет Zenithink C94 Quad Core', 'Москва сколольникова 12-5', '5465465465', 'denis.smertni@yandex.ru', '', 3, 'd965c5457d647278d943e40309aa5ec5', '', '', 3840.00, '', 0.00, 0.00, '', 0, '2012-11-08 12:34:29'),
(24, 4, 0.00, NULL, 0, '0000-00-00 00:00:00', 0, '2012-11-08 16:34:42', 0, 'Планшет Zenithink C94 Quad Core', 'Москва сколольникова 12-5', '5465465465', 'fxbyden@gmail.com', '', 0, '4f6eb61369397a843e60ff2dd268a9da', '', '', 0.00, '', 0.00, 0.00, '', 0, '2012-11-08 12:34:42'),
(25, 4, 0.00, NULL, 0, '0000-00-00 00:00:00', 0, '2012-12-10 10:14:44', 0, 'Лучшие игры для Андроида 2012', 'Москва сколольникова 12-5', '5465465465', 'denis.smertni@yandex.ru', '', 0, '5a5bf113d89dbdb4b87acdbd006d78be', '', '', 0.00, '', 0.00, 0.00, '', 0, '2012-12-10 06:14:44');

-- --------------------------------------------------------

--
-- Структура таблицы `s_pages`
--

CREATE TABLE IF NOT EXISTS `s_pages` (
  `id` int(11) NOT NULL,
  `url` varchar(255) NOT NULL DEFAULT '',
  `name` varchar(255) NOT NULL DEFAULT '',
  `meta_title` varchar(500) NOT NULL,
  `meta_description` varchar(500) NOT NULL,
  `meta_keywords` varchar(500) NOT NULL,
  `body` longtext NOT NULL,
  `menu_id` int(11) NOT NULL DEFAULT '0',
  `position` int(11) NOT NULL DEFAULT '0',
  `visible` tinyint(1) NOT NULL DEFAULT '0',
  `header` varchar(1024) NOT NULL
) ENGINE=MyISAM AUTO_INCREMENT=11 DEFAULT CHARSET=utf8;

--
-- Дамп данных таблицы `s_pages`
--

INSERT INTO `s_pages` (`id`, `url`, `name`, `meta_title`, `meta_description`, `meta_keywords`, `body`, `menu_id`, `position`, `visible`, `header`) VALUES
(1, '', 'Главная', 'Интернет маркет - Товаров из китая', 'Добро пожаловать к нам в интернет магазин SHop4ik.com\r\nу нас вы можете найти много различных товаров.', 'Хиты продаж', '<p>Добро пожаловать к нам в интернет магазин у нас вы можете найти много различных товаров. Все наши китайские товары, планшеты, смартфоны, сотовые и аксексуары - гарантия качества. Мы следим за качеством доставляемого товара.</p>', 1, 1, 1, 'Добро пожаловать в интернет магазин Шопчик.com'),
(2, 'oplata', 'Оплата', 'Оплата', 'Оплата', 'Оплата', '<h2>Наложный платеж</h2><p>Вы производите оплату после получения посылки на почте.</p><h2>Webmoney</h2><p>После оформления заказа вы сможете перейти на сайт webmoney для оплаты заказа, где сможете оплатить заказ в автоматическом режиме, а так же проверить наш сертификат продавца.</p><h2>PayPall</h2><p>Вы также можете произвести оплату любого товара в данной системе платежей с +5% комиссией.</p><p></p><h2>Master card/ Visa Electron</h2><p>Вы можете произвести оплату данным методом при покупке любого товара с 3% комиссией.</p>', 1, 4, 1, 'Способы оплаты'),
(3, 'dostavka', 'Доставка', 'Доставка', 'Доставка', 'Доставка', '<h2><span>Доставка на все товары осуществляется бесплатно.<o:p></o:p></span></h2><p><span><br /> <span>-</span><span class="apple-converted-space"><span>&nbsp;</span></span><strong><span>Бесплатная доставка почтой России или стран СНГ</span></strong><span>.</span><span class="apple-converted-space"><span>&nbsp;</span></span><span class="redline"><span>Срок доставки товара из Китая почтой составляет 20-30 календарных дней. Когда товар будет доставлен, получателю на указанный им адрес придет извещение, которое он должен предъявить в отделении почты по месту жительства. Это самый экономичный способ доставки товаров из Китая и он уже включён в стоимость товара.<o:p></o:p></span></span></span></p><p><span><br /> <span>-</span><span class="apple-converted-space"><span>&nbsp;</span></span><strong><span>Экспресс-доставка EMS</span></strong><span>.</span><span class="apple-converted-space"><span>&nbsp;</span></span><span class="redline"><span>Срок доставки варьируется в пределах 15-20 календарных дней. После того, как заказ будет доставлен, оператор EMS службы звонит на указанный заказчиком мобильный телефон и уточняет время доставки посылки на дом. Если согласование не удалось осуществить 3 раза, заказ передается в отделение почты по месту жительства респондента, откуда посылку можно будет забрать в любое время.</span></span><span class="apple-converted-space"><span>&nbsp;</span></span><span>Внимание:</span><span class="apple-converted-space"><span>&nbsp;</span></span><span class="redline"><span>стоимость данного вида доставки товаров из Китая рассчитывается отдельно &ndash; конкретная сумма будет зависеть от веса посылки. Стоимость определяется автоматически при оформлении заказа на нашем сайте и сразу прибавляется к общей стоимости заказа.</span></span><br /> <span class="redline"><span>Есть также</span></span><span class="apple-converted-space"><span>&nbsp;</span></span><span>несколько дополнительных особенностей</span><span class="apple-converted-space"><span>&nbsp;</span></span><span class="redline"><span>доставки товаров из Китая, о которых вам следует знать:<o:p></o:p></span></span></span></p><p><span><br /> <span class="redline"><span>- Указанные сроки доставки&nbsp; являются приблизительными. Реальные сроки могут отличаться как в большую, так и меньшую сторону, в зависимости от уровня загруженности почтовой службы.</span></span><br /> <span class="redline"><span>- Посылка может быть выдана только при предъявлении документа, удостоверяющего личность.</span></span><br /> <span class="redline"><span>- Товар дополнительно укладывается в мягкую упаковку, чтобы исключить риск повреждения в процессе доставки.<o:p></o:p></span></span></span></p><p><span><br /> <span class="redline"><span>Отслеживание хода доставки товара из Китая</span></span><br /> <span>После того, как вам&nbsp; отправлена посылка с товаром, на указанный при оформлении заказа e-mail придет уведомление, в котором будет указан индивидуальный трек-номер отправления. Данный трек-номер дает вам возможность самостоятельно следить за тем, где именно находится сейчас ваша посылка (например, на сайте gdeposylka.ru), но так-как наш интернет-магазин заботится о своих покупателях, мы автоматически проверяем состояние вашего заказа и информируем вас по электронной почте о том, где именно находится заказанный вами товар.</span><br /> <span>&nbsp;</span><br /> <span class="redline"><span>Максимально полную информацию о состоянии доставки, содержимом вашего заказа вы всегда можете посмотреть в своем личном кабинете. Если вы не зарегистрированы на нашем сайте &ndash; воспользуйтесь пунктом меню &laquo;Статус заказа&raquo;, с помощью которого вы в любой момент можете узнать, где сейчас находится ваш товар.</span></span><span><o:p></o:p></span></span></p>', 1, 3, 1, 'Способы доставки'),
(4, 'blog', 'Новости', 'Блог', '', 'Блог', '', 1, 2, 1, 'Блог'),
(5, '404', '', 'Страница не найдена', 'Страница не найдена', 'Страница не найдена', '<p>Страница не найдена</p>', 2, 5, 1, 'Страница не найдена'),
(6, 'contact', 'Контакты', 'Контакты', 'Контакты', 'Контакты', '<p>Москва, шоссе Энтузиастов 45/31, офис 453.</p><p><a href="http://maps.yandex.ru/?text=%D0%A0%D0%BE%D1%81%D1%81%D0%B8%D1%8F%2C%20%D0%9C%D0%BE%D1%81%D0%BA%D0%B2%D0%B0%2C%20%D0%AD%D0%BD%D1%82%D1%83%D0%B7%D0%B8%D0%B0%D1%81%D1%82%D0%BE%D0%B2%20%D1%88%D0%BE%D1%81%D1%81%D0%B5%2C%2051&amp;sll=37.823314%2C55.773034&amp;sspn=0.021955%2C0.009277&amp;ll=37.826161%2C55.77356&amp;spn=0.019637%2C0.006461&amp;l=map">Посмотреть на&nbsp;Яндекс.Картах</a></p><p>Телефон 345-45-54</p>', 1, 10, 1, 'Контакты'),
(7, 'products', 'Все товары', 'Все товары', '', 'Все товары', '', 2, 7, 1, 'Все товары'),
(9, 'garantii-i-vozvrat', 'Гарантии и возврат', 'Гарантии и возврат', 'Наш интернет-магазин подбирает для вас самые лучшие и качественные товары из Китая.  Мы стремимся предоставить вам самые комфортные условия для покупок и гарантийного обслуживания. Проверка товаров сначала осуществляется на заводе производителя в Китае, а затем перед отправкой заказа поставщиком. Поэтому факт брака снижается к минимуму, но, к сожалению, случается и такое. Поэтому, пожалуйста, ознакомьтесь с условиями возврата товара и гарантийного обслуживания.  Мы рассказываем нашим покупателям', 'Гарантии и возврат', '<h1>Гарантия нашего интернет-магазина на китайские планшеты и телефоны</h1><p>&nbsp;</p><p><span>Гарантия качества</span></p><p><br />Заказывая планшет или телефон на нашем сайте &nbsp; Вы можете быть уверенны, что получите только качественный товар т.к.&nbsp; весь отправляемый товар проходит обязательную проверку. Проверка включает в себя:</p><p>&nbsp;</p><ul><li>общая проверка работоспособности;</li><li>диагностика и тестирование в различных режимах;</li><li>проверка всех основных функций;</li><li>проверка полной комплектации.</li></ul><p><br /><span>Обмен товара и возврат товара</span></p><p><br />На покупку товара в нашем интернет-магазине &nbsp;распространяются все права предусмотренные в Законе "<span>О защите прав потребителя</span>".<br /><br /><br />Наш сайт является прямым поставщиком планшетов и&nbsp; телефонов прямо от завода-изготовителя, по этому на весь товар представленный в магазине предоставляется официальная гарантия от производителя.<br />Гарантия на товар зависит от сервисной политики производителя и предоставляется от 1 до 6 месяцев.<br /><br /><br /><br />Обмену или возврату подлежит только новый товар, который не был в употреблении и не имеет следов использования: царапин, сколов, потёртостей,, программное обеспечение не подвергалось изменениям и т.п.<br />&nbsp;<br /><span>При возврате товара компенсируется только его стоимость. Стоимость доставки не возвращаются.</span><br />&nbsp;<br /><span>Обязательные&nbsp; условия возврата</span><br />&nbsp;</p><ul><li>обмену или возврату подлежит только новый товар, который не был в употреблении и не имеет следов использования (внешние повреждения корпуса, царапин, выбоин, сколов, трещин, потертостей, программное обеспечение не подвергалось изменениям)</li><li>возвращаемый товар должен быть в полной комплектации, включая все компоненты упаковки, в котором был получен (наклейки, ярлыки, заводских маркировок и прочее).</li></ul><p><br /><br />Если товар не работает обмен или возврат товара производится только при наличии заключения&nbsp; сервисного центра производителя в котором утверждается, что условия эксплуатации не нарушены.&nbsp;<br /><br />Обмен или возврат товара производится исключительно по согласованию с нашими менеджерами (все расходы по пересылке в одну сторону (Китай), ложатся на Вас) .</p><p>&nbsp;</p><p><span>Гарантийный ремонт товара.&nbsp;<br /></span><br />Если в гарантийный период изделие приобретённое у нас вышло из строя по вине производителя - мы обменяем товар на аналогичный.&nbsp;<br />&nbsp;&nbsp;<br /><span>Сервисный центр может отказать в гарантийном ремонте в случае:</span></p><ul><li>нарушения сохранности гарантийных пломб;</li><li>наличия механических и иных повреждений, возникших вследствие умышленных или неосторожных действий;</li><li>нарушения правил использования, изложенных в эксплуатационных документах;</li><li>несанкционированного вскрытия, ремонта или изменения внутренних коммуникаций и компонентов товара.</li></ul>', 1, 6, 1, 'Гарантии и возврат'),
(10, 'staty', 'Статьи и Обзоры', 'Статьи и Обзоры', '', 'Статьи и Обзоры', '', 1, 9, 1, 'Статьи и Обзоры');

-- --------------------------------------------------------

--
-- Структура таблицы `s_payment_methods`
--

CREATE TABLE IF NOT EXISTS `s_payment_methods` (
  `id` int(11) NOT NULL,
  `module` varchar(255) NOT NULL,
  `name` varchar(255) NOT NULL,
  `description` text NOT NULL,
  `currency_id` float NOT NULL,
  `settings` text NOT NULL,
  `enabled` tinyint(1) NOT NULL DEFAULT '0',
  `position` int(11) NOT NULL
) ENGINE=MyISAM AUTO_INCREMENT=10 DEFAULT CHARSET=utf8;

--
-- Дамп данных таблицы `s_payment_methods`
--

INSERT INTO `s_payment_methods` (`id`, `module`, `name`, `description`, `currency_id`, `settings`, `enabled`, `position`) VALUES
(1, 'Receipt', 'Квитанция', '<p>Вы можете распечатать квитанцию и оплатить её в любом отделении банка.</p>', 2, 'a:10:{s:9:"recipient";s:65:"ООО "Великолепный интернет-магазин"";s:3:"inn";s:5:"12345";s:7:"account";s:6:"223456";s:4:"bank";s:18:"Альфабанк";s:3:"bik";s:6:"556677";s:21:"correspondent_account";s:11:"77777755555";s:8:"banknote";s:7:"руб.";s:5:"pense";s:7:"коп.";s:5:"purse";s:2:"ru";s:10:"secret_key";s:0:"";}', 0, 2),
(2, 'Webmoney', 'Webmoney wmz', '<p>Оплата через платежную систему&nbsp;<a href="http://www.webmoney.ru">WebMoney</a>. У вас должен быть счет в этой системе для того, чтобы произвести оплату. Сразу после оформления заказа вы будете перенаправлены на специальную страницу системы WebMoney, где сможете произвести платеж в титульных знаках WMZ.</p><p>&nbsp;</p>', 3, 'a:2:{s:5:"purse";s:13:"Z330092409911";s:10:"secret_key";s:13:"testsecretkey";}', 1, 1),
(3, 'Robokassa', 'Робокасса', '<p><span>RBK Money &ndash; это электронная платежная система, с помощью которой Вы сможете совершать платежи с персонального компьютера, коммуникатора или мобильного телефона.</span></p>', 3, 'a:14:{s:9:"recipient";s:0:"";s:3:"inn";s:0:"";s:7:"account";s:0:"";s:4:"bank";s:0:"";s:3:"bik";s:0:"";s:21:"correspondent_account";s:0:"";s:8:"banknote";s:0:"";s:5:"pense";s:0:"";s:5:"login";s:0:"";s:9:"password1";s:0:"";s:9:"password2";s:0:"";s:8:"language";s:2:"ru";s:5:"purse";s:0:"";s:10:"secret_key";s:0:"";}', 1, 3),
(4, 'Paypal', 'PayPal', '<p>Совершайте покупки безопасно, без раскрытия информации о своей кредитной карте. PayPal защитит вас, если возникнут проблемы с покупкой</p>', 1, 'a:16:{s:8:"business";s:0:"";s:4:"mode";s:7:"sandbox";s:9:"recipient";s:0:"";s:3:"inn";s:0:"";s:7:"account";s:0:"";s:4:"bank";s:0:"";s:3:"bik";s:0:"";s:21:"correspondent_account";s:0:"";s:8:"banknote";s:0:"";s:5:"pense";s:0:"";s:5:"login";s:0:"";s:9:"password1";s:0:"";s:9:"password2";s:0:"";s:8:"language";s:2:"ru";s:5:"purse";s:0:"";s:10:"secret_key";s:0:"";}', 0, 4),
(5, 'Interkassa', 'Оплата через Интеркассу', '<p><span>Это удобный в использовании сервис, подключение к которому позволит Интернет-магазинам, веб-сайтам и прочим торговым площадкам принимать все возможные формы оплаты в максимально короткие сроки.</span></p>', 2, 'a:2:{s:18:"interkassa_shop_id";s:3:"123";s:21:"interkassa_secret_key";s:3:"123";}', 1, 5),
(6, 'Liqpay', 'Оплата картой через Liqpay.com', '<p><span>Благодаря своей открытости и универсальности LiqPAY стремительно интегрируется со многими платежными системами и платформами и становится стандартом платежных операций.</span></p>', 2, 'a:5:{s:9:"liqpay_id";s:3:"123";s:11:"liqpay_sign";s:3:"123";s:12:"pay_way_card";s:1:"1";s:14:"pay_way_liqpay";s:1:"1";s:15:"pay_way_delayed";s:1:"1";}', 1, 6),
(7, 'Pay2Pay', 'Оплата через Pay2Pay', '<p>Универсальный платежный сервис Pay2Pay призван облегчить и максимально упростить процесс приема электронных платежей на Вашем сайте. Мы открыты для всего нового и сверхсовременного.</p>', 2, 'a:5:{s:18:"pay2pay_merchantid";s:3:"123";s:14:"pay2pay_secret";s:3:"123";s:14:"pay2pay_hidden";s:3:"123";s:15:"pay2pay_paymode";s:3:"123";s:16:"pay2pay_testmode";s:1:"1";}', 1, 7),
(8, 'Qiwi', 'Оплатить через QIWI', '<p><span>QIWI &mdash; удобный сервис для оплаты повседневных услуг</span></p>', 2, 'a:2:{s:10:"qiwi_login";s:3:"123";s:13:"qiwi_password";s:3:"123";}', 1, 8),
(9, 'null', 'WebMoney WMR', '', 2, 'N;', 1, 9);

-- --------------------------------------------------------

--
-- Структура таблицы `s_products`
--

CREATE TABLE IF NOT EXISTS `s_products` (
  `id` int(11) NOT NULL,
  `url` varchar(255) NOT NULL DEFAULT '',
  `brand_id` int(11) DEFAULT NULL,
  `name` varchar(500) NOT NULL,
  `annotation` text NOT NULL,
  `body` longtext NOT NULL,
  `rating` float(3,1) NOT NULL DEFAULT '0.0',
  `votes` int(11) NOT NULL DEFAULT '0',
  `visible` tinyint(1) NOT NULL DEFAULT '1',
  `position` int(11) NOT NULL DEFAULT '0',
  `meta_title` varchar(500) NOT NULL,
  `meta_keywords` varchar(500) NOT NULL,
  `meta_description` varchar(500) NOT NULL,
  `created` timestamp NOT NULL DEFAULT CURRENT_TIMESTAMP,
  `featured` tinyint(1) DEFAULT NULL,
  `external_id` varchar(36) NOT NULL,
  `youtube` varchar(50) NOT NULL,
  `postav` text NOT NULL,
  `show_m` tinyint(1) NOT NULL DEFAULT '1'
) ENGINE=MyISAM AUTO_INCREMENT=119 DEFAULT CHARSET=utf8;

--
-- Дамп данных таблицы `s_products`
--

INSERT INTO `s_products` (`id`, `url`, `brand_id`, `name`, `annotation`, `body`, `rating`, `votes`, `visible`, `position`, `meta_title`, `meta_keywords`, `meta_description`, `created`, `featured`, `external_id`, `youtube`, `postav`, `show_m`) VALUES
(48, 'x310e-smart-phone-mtk6575-', 0, 'X310e Smart Phone MTK6575 ', '', '', 0.0, 0, 1, 48, 'X310e Smart Phone MTK6575 ', 'X310e Smart Phone MTK6575 , Мобильные телефоны', '', '2012-07-24 19:16:22', NULL, '', '', '', 1),
(45, 'onda-vi30-dual-core-version', 0, 'ONDA VI30 Dual Core Version', '<p>В планшете установлена восьмидюймовая матрица с разрешением 1024х768px. Поддерживается мультитач в пять касаний. Матрица не IPS, но по сравнению со многими схожими планшетами, качество и цветопередача весьма неплохая, угoл обзора около 140-150 градусов.&nbsp;</p>', '<p>В планшете установлена восьмидюймовая матрица с разрешением 1024х768px. Поддерживается мультитач в пять касаний. Матрица не IPS, но по сравнению со многими схожими планшетами, качество и цветопередача весьма неплохая, угoл обзора около 140-150 градусов. &nbsp;Двух ядерный процессор &nbsp;обеспечат вам быструю и удобную навигацию и производительность.</p>', 5.0, 1, 1, 45, 'ONDA VI30 Dual Core Version', 'ONDA VI30 Dual Core Version, Android', 'В планшете установлена восьмидюймовая матрица с разрешением 1024х768px. Поддерживается мультитач в пять касаний. Матрица не IPS, но по сравнению со многими схожими планшетами, качество и цветопередача весьма неплохая, угoл обзора около 140-150 градусов.', '2012-07-24 12:46:06', 1, '', 'IITa9ztwmio', '', 1),
(46, 'setevoj-adapter-usb-na-lan-rj45', 0, 'Сетевой Адаптер USB на Lan RJ45', '', '', 3.0, 1, 1, 46, 'Сетевой Адаптер USB на Lan RJ45', 'Сетевой Адаптер USB на Lan RJ45, Гаджеты', '', '2012-07-24 16:29:26', NULL, '', '', '', 1),
(47, 'joojoo-tab-12-x86-windows-7', 0, 'JooJoo Tab 12 X86 Windows 7', '', '', 1.0, 1, 1, 47, 'JooJoo Tab 12 X86 Windows 7', 'JooJoo Tab 12 X86 Windows 7, Windows', '', '2012-07-24 18:58:33', 0, '', '', '', 1),
(50, 's5830-smart-phone', 0, 'S5830 Smart Phone', '<ul><li></li></ul>', '', 0.0, 0, 1, 50, 'S5830 Smart Phone', 'S5830 Smart Phone, Chine, Мобильные телефоны', '', '2012-07-25 11:54:06', NULL, '', 'Vl8RMC73Tmo', '', 1),
(49, 'x210-tablet-pc-7-inch-resistive-screen-', 0, 'X210 Tablet PC 7 Inch Resistive Screen ', '', '', 0.0, 0, 1, 49, 'X210 Tablet PC 7 Inch Resistive Screen ', 'X210 Tablet PC 7 Inch Resistive Screen , Android', '', '2012-07-25 09:01:09', NULL, '', 'dgom0f2D2TI', '', 1),
(51, 'one-x-smart-phone-android-40-mtk6575-3g-belyj', 0, 'One X Smart Phone Android 4.0 MTK6575 3g белый', '', '', 0.0, 0, 1, 51, 'One X Smart Phone Android 4.0 MTK6575 3g белый', 'One X Smart Phone Android 4.0 MTK6575 3g, Мобильные телефоны', '', '2012-07-25 16:32:21', NULL, '', '', '', 1),
(52, 'one-x-smart-phone-android-40-mtk6575-3g-chernyj', 0, 'One X Smart Phone Android 4.0 MTK6575 3g черный', '', '', 0.0, 0, 1, 52, 'One X Smart Phone Android 4.0 MTK6575 3g черный', 'One X Smart Phone Android 4.0 MTK6575 3g black, Мобильные телефоны', '', '2012-07-25 17:46:53', NULL, '', '', '', 1),
(53, 'hyundai-a7hd-tablet-pc', 0, 'HYUNDAI A7HD Tablet PC', '', '', 0.0, 0, 1, 53, 'HYUNDAI A7HD Tablet PC', 'HYUNDAI A7HD Tablet PC, Android', '', '2012-07-25 18:04:19', NULL, '', 'CiutXPUg0lI', '', 1),
(54, 'audioiq2-pro-bluetooth', 0, 'AudioiQ2 PRO Bluetooth', '', '', 0.0, 0, 1, 54, 'AudioiQ2 PRO Bluetooth', 'AudioiQ2 PRO Bluetooth, Гаджеты', '', '2012-07-25 18:12:29', NULL, '', '', '', 1),
(55, 'proektornyj-budilnik', 0, 'Проэкторный будильник', '', '', 0.0, 0, 1, 55, 'Проэкторный будильник', 'Проэкторный будильник, Гаджеты', '', '2012-07-25 18:24:56', NULL, '', '', '', 1),
(56, 'kvadrat-budilnik', 0, 'Квадрат будильник', '', '', 0.0, 0, 1, 56, 'Квадрат будильник', 'Квадрат будильник, Гаджеты', '', '2012-07-25 18:35:15', NULL, '', '', '', 1),
(57, 'bezlopastnoj-usb-mini-ventilyator', 0, 'Безлопастной usb мини вентилятор', '', '', 0.0, 0, 1, 57, 'Безлопастной usb мини вентилятор', 'Безлопастной usb мини вентилятор, Гаджеты', '', '2012-07-25 18:44:36', NULL, '', '', '', 1),
(58, 'tach-skriny-tsvetnye', 0, 'Тач скрины цветные', '<p>Набор цветных тач скринов , для планшетов и смартфонов, в комплекте 8 штук.</p>', '<p><span>Набор цветных тач скринов , для планшетов и смартфонов, в комплекте 8 штук.</span></p>', 0.0, 0, 1, 58, 'Тач скрины цветные', 'Тач скрины цветные, Гаджеты', 'Набор цветных тач скринов , для планшетов и смартфонов, в комплекте 8 штук.', '2012-07-25 18:52:48', NULL, '', '', '', 1),
(59, 'x26i-smart-phone-belyj', 0, 'X26i Smart Phone белый', '<p>Стильный смартфон на базе Google Android 4.0 с 3G GPS и WIFI</p>', '<p>Стильный смартфон на базе Google Android 4.0 с 3G GPS и WIFI</p>', 5.0, 1, 1, 59, 'X26i Smart Phone белый', 'X26i Smart Phone, Мобильные телефоны', 'Стильный смартфон на базе Google Android 4.0 с 3G GPS и WIFI', '2012-07-25 18:55:19', 1, '', '0ER5VKNzdQU', '', 1),
(60, 'i9300-dual-band-phone', 0, 'i9300 Dual Band Phone', '', '', 0.0, 0, 1, 62, 'i9300 Dual Band Phone', 'i9300 Dual Band Phone, Мобильные, Смартфоны', '', '2012-07-26 12:06:09', NULL, '', 'vDK9higKeeY', '', 1),
(62, '3d-ochki-plastikovye', 0, '3d очки пластиковые', '<p>Стильные очки для просмотра 3d фильмов игры и Видео</p>', '', 0.0, 0, 1, 63, '3d очки пластиковые', '3d очки пластиковые, Гаджеты', 'Стильные очки для просмотра 3d фильмов игры и Видео', '2012-07-26 14:41:27', NULL, '', '', '', 1),
(63, 'zopo-zp200', 20, 'ZOPO ZP200', '', '', 0.0, 0, 1, 64, 'ZOPO ZP200', 'ZOPO ZP200, ZOPO, Смартфоны', '', '2012-07-26 18:02:40', NULL, '', 'Lcefj3dwcTs', '', 1),
(64, 'zopo-zp300', 20, 'ZOPO ZP300', '<p>Стильный и быстрый смартфон с видеоускорением и процессором в 1ггц, HD качество записи и воспроизведения видео.</p>', '<p><span>Стильный и быстрый смартфон с видеоускорением и процессором в 1ггц, HD качество записи и воспроизведения видео.</span></p>', 5.0, 1, 1, 65, 'ZOPO ZP300', 'ZOPO ZP300, ZOPO, Смартфоны', 'Стильный и быстрый смартфон с видеоускорением и процессором в 1ггц, HD качество записи и воспроизведения видео.', '2012-07-26 19:06:29', 1, '', 'P6pjcr4M7kI', '', 1),
(65, 'x26i-smart-phone-chernyj', 0, 'X26i Smart Phone черный', '<p>Стильный смартфон на базе Google Android 4.0 с 3G GPS и WIFI</p>', '<p>Стильный смартфон на базе Google Android 4.0 с 3G GPS и WIFI</p>', 5.0, 1, 1, 60, 'X26i Smart Phone черный', 'X26i Smart Phone, Мобильные телефоны', 'Стильный смартфон на базе Google Android 4.0 с 3G GPS и WIFI', '2012-07-26 19:25:14', NULL, '', '0ER5VKNzdQU', '', 1),
(66, 'ployer-momo-8-bird', 0, 'Ployer MOMO 8 Bird', '', '', 0.0, 0, 1, 66, 'Ployer MOMO 8 Bird', 'Ployer MOMO 8 Bird, Android', '', '2012-07-26 21:19:52', NULL, '', 'wF9mIAFQydw', '', 1),
(67, 'gt-i9300', 0, 'GT-i9300', '', '', 0.0, 0, 1, 67, 'GT-i9300', 'GT-i9300, Смартфоны', '', '2012-07-27 09:36:51', NULL, '', '', '', 1),
(69, 'zopo-zp500-libero-ultra-slim', 20, 'ZOPO ZP500 Libero Ultra-slim', '', '', 0.0, 0, 1, 69, 'ZOPO ZP500 Libero Ultra-slim', 'ZOPO ZP500 Libero Ultra-slim, ZOPO, Смартфоны', '', '2012-07-29 06:29:16', NULL, '', 'kHNvpHS6jO0', '', 1),
(70, 'hero-h8000-ultra-slim', 0, 'Hero H8000 Ultra-slim', '', '', 0.0, 0, 1, 70, 'Hero H8000 Ultra-slim', 'Hero H8000 Ultra-slim, Смартфоны', '', '2012-07-29 18:46:33', NULL, '', '', '', 1),
(71, 'freelander-pd10-leader-dual-core', 0, 'FreeLander PD10 Leader Dual Core', '', '', 5.0, 1, 1, 71, 'FreeLander PD10 Leader Dual Core', 'FreeLander PD10 Leader Dual Core, Android', '', '2012-07-31 07:06:06', NULL, '', 'KtKjeP8GQHI', '', 1),
(72, 'ampe-a10-deluxe-edition', 0, 'Ampe A10 Deluxe Edition', '', '', 0.0, 0, 1, 72, 'Ampe A10 Deluxe Edition', 'Ampe A10 Deluxe Edition, Android', '', '2012-08-01 06:22:47', NULL, '', '', '', 1),
(73, 'cube-u30gt-tablet-pc-rockchip-rk3066-dual-core', 0, 'Cube U30GT Tablet PC Rockchip RK3066 Dual Core', '', '', 5.0, 1, 1, 73, 'Cube U30GT Tablet PC Rockchip RK3066 Dual Core', 'Cube U30GT Tablet PC Rockchip RK3066 Dual Core, Android', '', '2012-08-01 13:24:29', NULL, '', '1111', '', 1),
(74, 'n800-mini-note', 0, 'N800 Mini Note', '', '', 0.0, 0, 1, 74, 'N800 Mini Note', 'N800 Mini Note, Смартфоны', '', '2012-08-01 14:57:05', NULL, '', '4sOE9W7edGw', '', 1),
(75, 'tester-almazov-', 0, 'Тестер алмазов ', '', '', 0.0, 0, 1, 75, 'Тестер алмазов ', 'Тестер алмазов , Гаджеты', '', '2012-08-01 17:05:52', NULL, '', '', '', 1),
(76, 'tianxin-i9220n8000', 0, 'TianXin i9220/N8000', '<p>Модный качественный и мощный смартфон. В трех вариациях черный белый и метталик.</p>', '<p><span>Модный качественный и мощный смартфон. В трех вариациях черный белый и метталик.</span></p>', 0.0, 0, 1, 76, 'TianXin i9220/N8000', 'TianXin i9220/N8000, Смартфоны', 'Модный качественный и мощный смартфон. В трех вариациях черный белый и метталик.', '2012-08-02 10:13:34', NULL, '', '', '', 1),
(77, 'teclast-p85', 0, 'Teclast P85', '', '', 0.0, 0, 1, 77, 'Teclast P85', 'Teclast P85, Android', '', '2012-08-02 16:46:53', NULL, '', '', '', 1),
(78, 'jy-g2-smartfon', 0, 'JY-G2 смартфон', '', '', 0.0, 0, 1, 78, 'JY-G2 смартфон', 'JY-G2 смартфон, Смартфоны', '', '2012-08-03 08:58:59', NULL, '', '4TQlzQGQIbE', '', 1),
(79, 'thl-v12-slim', 0, 'ThL V12 Slim', '', '', 0.0, 0, 1, 79, 'ThL V12 Slim', 'ThL V12 Slim, Смартфоны', '', '2012-08-03 11:00:11', NULL, '', '', '', 1),
(81, 's6500-tv-phone-dual-band', 0, 'S6500 TV Phone Dual Band', '', '', 0.0, 0, 1, 81, 'S6500 TV Phone Dual Band', 'S6500 TV Phone Dual Band, Сотовые', '', '2012-08-03 11:36:05', NULL, '', '', '', 1),
(82, 'htc-hd7-t9292-window-75', 19, 'HTC HD7 T9292 window 7.5', '', '', 4.0, 1, 1, 82, 'HTC HD7 T9292 window 7.5', 'HTC HD7 T9292 window 7.5, HTC, Смартфоны', '', '2012-08-03 14:37:04', NULL, '', '', '', 1),
(83, '7-epad-android-40-all-winner-a13-tablet-pc', 0, '7" ePad Android 4.0 All Winner A13 Tablet PC', '', '', 5.0, 1, 1, 83, '7" ePad Android 4.0 All Winner A13 Tablet PC', '7" ePad Android 4.0 All Winner A13 Tablet PC, Android', '', '2012-08-03 19:15:11', NULL, '', '', '', 1),
(84, 'tennisnaya-raketka-blx2-pro-staff-six-one-95', 0, 'теннисная ракетка BLX2 PRO STAFF SIX-ONE 95', '', '', 0.0, 0, 1, 84, 'теннисная ракетка BLX2 PRO STAFF SIX-ONE 95', 'теннисная ракетка BLX2 PRO STAFF SIX-ONE 95, Спорт развлечение', '', '2012-08-04 07:38:22', NULL, '', '', '', 1),
(85, 'star-a800-android-23', 0, 'Star A800 Android 2.3', '', '', 4.0, 1, 1, 85, 'Star A800 Android 2.3', 'Star A800 Android 2.3, Смартфоны', '', '2012-08-05 08:39:46', NULL, '', '', '', 1),
(87, 'samsung-focus-i917-4', 0, 'Samsung Focus I917 4', '', '', 0.0, 0, 1, 87, 'Samsung Focus I917 4', 'Samsung Focus I917 4, Смартфоны', '', '2012-08-05 10:59:48', NULL, '', '', '', 1),
(88, 'onda-vx610w-android-40-tablet-pc-7-allwinner-a10-15ghz-wifi-8gb-capacitive-multi-touch', 16, 'Onda VX610w android 4.0 tablet pc 7" Allwinner a10 1.5GHz WIFI 8GB Capacitive Multi touch', '', '', 0.0, 0, 1, 88, 'Onda VX610w android 4.0 tablet pc 7" Allwinner a10 1.5GHz WIFI 8GB Capacitive Multi touch', 'Onda VX610w android 4.0 tablet pc 7" Allwinner a10 1.5GHz WIFI 8GB Capacitive Multi touch, Onda, Android', '', '2012-08-07 11:15:52', NULL, '', '', '', 1),
(89, 'nvidia-3d-vision-komplekt', 0, 'Nvidia 3D Vision комплект', '', '', 0.0, 0, 1, 89, 'Nvidia 3D Vision комплект', 'Nvidia 3D Vision комплект, Гаджеты', '', '2012-08-07 19:34:08', NULL, '', '', '', 1),
(90, 'dzhojstik-dlya-ps3', 0, 'Джойстик для PS3', '', '', 0.0, 0, 1, 90, 'Джойстик для PS3', 'Джойстик для PS3, Гаджеты', '', '2012-08-08 05:50:54', NULL, '', '', '', 1),
(91, 'cube-u30gt-32gb-tablet-pc-rk3066-dual-core', 0, 'Cube U30GT 32GB tablet pc RK3066 Dual Core', '', '', 0.0, 0, 1, 91, 'Cube U30GT 32GB tablet pc RK3066 Dual Core', 'Cube U30GT 32GB tablet pc RK3066 Dual Core, Android', '', '2012-08-08 10:13:32', NULL, '', '', '', 1),
(92, 'onda-vi30w', 16, 'Onda Vi30W', '', '', 0.0, 0, 1, 92, 'Onda Vi30W', 'Onda Vi30W, Onda, Android', '', '2012-08-08 15:38:46', NULL, '', '', '', 1),
(93, 'n800-mtk6575', 0, 'N800 MTK6575', '', '', 0.0, 0, 1, 93, 'N800 MTK6575', 'N800 MTK6575, Смартфоны', '', '2012-08-09 13:56:18', NULL, '', '', '', 1),
(94, 'huawei-honor-u8860', 18, 'Huawei Honor U8860', '', '', 2.0, 1, 1, 94, 'Huawei Honor U8860', 'Huawei Honor U8860, Huawei, Смартфоны', '', '2012-08-09 19:42:16', NULL, '', 'LxSUTaHcBcI', '', 1),
(95, 'via-8850-via02', 0, 'VIA 8850 VIA02', '', '', 0.0, 0, 1, 95, 'VIA 8850 VIA02', 'VIA 8850 VIA02, Android', '', '2012-08-10 11:14:57', NULL, '', '2WBDBxk4d3c', '', 1),
(96, 'ele-new-7-inch', 0, 'ELE NEW 7 inch', '', '', 0.0, 0, 1, 96, 'ELE NEW 7 inch', 'ELE NEW 7 inch, Android', '', '2012-08-13 14:51:31', NULL, '', '', '', 1),
(98, '2450mah-high-capacity-li-ion-akkumulyatornaya-batareya-dlya-samsung-galaxy-ace-s5830', 0, '2450mAh High-Capacity Li-ion Аккумуляторная батарея для Samsung Galaxy Ace S5830', '', '', 0.0, 0, 1, 98, '2450mAh High-Capacity Li-ion Аккумуляторная батарея для Samsung Galaxy Ace S5830', '2450mAh High-Capacity Li-ion Аккумуляторная батарея для Samsung Galaxy Ace S5830, Аксессуары', '', '2012-08-13 18:57:15', NULL, '', '', '', 1),
(99, 'originalnaya-batareya-dlya-zopo-field-zp200-', 0, 'Оригинальная батарея для ZOPO Field ZP200 ', '<p>В комплекте Оригинальная литиевая батарея + черная крышка корпуса</p>', '<p><span>В комплекте Оригинальная литиевая батарея&nbsp;</span>2000MAH&nbsp;+ черная крышка корпуса</p>', 0.0, 0, 1, 99, 'Оригинальная батарея для ZOPO Field ZP200 ', 'Оригинальная батарея для ZOPO Field ZP200 , Аксессуары', 'В комплекте Оригинальная литиевая батарея + черная крышка корпуса', '2012-08-13 19:01:10', NULL, '', '', '', 1),
(100, 'via8650-android-22', 0, 'VIA8650 Android 2.2', '', '', 0.0, 0, 1, 100, 'VIA8650 Android 2.2', 'VIA8650 Android 2.2, Android', '', '2012-08-14 07:13:43', NULL, '', '', '', 1),
(101, '25-mm-zaryadnoe-ustrojstvo-dlya-planshetov', 0, '2.5 мм зарядное устройство для планшетов', '', '', 0.0, 0, 1, 101, '2.5 мм зарядное устройство для планшетов', '2.5 мм зарядное устройство для планшетов, Аксессуары', '', '2012-08-14 10:25:26', NULL, '', '', '', 1),
(102, '11200mah-high-capacity-portable-power-bank-', 0, '11200mAh High Capacity Portable Power Bank ', '', '<p>Портативный высоко обьемный аккумулятор с различными насадками для многих типов устройств. Apple, psp, Samsung</p>', 4.0, 1, 1, 102, '11200mAh High Capacity Portable Power Bank ', '11200mAh High Capacity Portable Power Bank , Аксессуары', '', '2012-08-14 10:35:33', 1, '', '', '', 1),
(103, 'thl-w2-quadband', 22, 'ThL W2 Quadband', '', '', 0.0, 0, 1, 103, 'ThL W2 Quadband', 'ThL W2 Quadband, THL, Смартфоны', '', '2012-08-14 15:00:56', NULL, '', 'eKTQd6NXo2s', '', 1),
(104, 'q88-7-inch-android', 0, 'Q88 7 inch android', '', '', 0.0, 0, 1, 104, 'Q88 7 inch android', 'Q88 7 inch android, Android', '', '2012-08-15 06:51:44', NULL, '', '', '', 1),
(105, 'sanei-n10', 0, 'Sanei N10', '', '', 0.0, 0, 1, 105, 'Sanei N10', 'Sanei N10, Android', '', '2012-08-15 07:01:34', 1, '', 'BJ42Rp-Cc5I', '', 1),
(106, 'arrival-mtk6575-haipai-i9220', 0, 'Arrival MTK6575 Haipai I9220', '', '', 4.0, 1, 1, 106, 'Arrival MTK6575 Haipai I9220', 'Arrival MTK6575 Haipai I9220, Смартфоны', '', '2012-08-16 07:25:55', NULL, '', 'PLEIBSNAIZc', '', 1),
(107, 'htc-touch-hd2-leo-t8585-windows-smartphone', 19, 'HTC Touch HD2 leo T8585 windows smartphone', '', '', 4.0, 1, 1, 107, 'HTC Touch HD2 leo T8585 windows smartphone', 'HTC Touch HD2 leo T8585 windows smartphone, HTC, Смартфоны', '', '2012-08-20 04:48:02', NULL, '', 'r2AUT3O1db8', '', 1),
(108, 'ramos-w17-pro-tablet-pc', 0, 'Ramos W17 Pro Tablet PC', '', '', 0.0, 0, 1, 108, 'Ramos W17 Pro Tablet PC', 'Ramos W17 Pro Tablet PC, Android', '', '2012-08-20 06:39:22', NULL, '', 'w9KV0sU8t_A', 'http://www.aliexpress.com/product-fm/598931720-Free-shipping-Original-7-Inch-Ramos-W17-Pro-Tablet-PC-1GB-RAM-8GB-HDD-Capacitive-Android-wholesalers.html', 1),
(109, 'ainol-novo-7-tornados', 25, 'Ainol Novo 7 Tornados', '', '', 4.0, 1, 1, 109, 'Ainol Novo 7 Tornados', 'Ainol Novo 7 Tornados, Ainol, Android', '', '2012-08-20 07:36:41', 1, '', 'DEzYAtNYamY', 'http://www.aliexpress.com/product-fm/464173567-Free-shipping-Ainol-Novo-7-Tornados-7-Android-4-0-Tablet-PC-Cortex-A9-1GHz-1GB-wholesalers.html', 1),
(110, 'sadasd', 0, 'sadasd', '', '', 0.0, 0, 1, 110, '', '', '', '2012-09-16 07:06:26', NULL, '', '', '', 1),
(111, 'planshet-ramos-w40', 0, 'Планшет Ramos W40', '', '', 0.0, 0, 1, 111, 'Планшет Ramos W40', 'Планшет Ramos W40, Android', '', '2012-11-09 09:33:22', NULL, '', 'KrLzfCWj6m4', '', 1),
(112, 'planshet-zenithink-c94-8-core', 0, 'Планшет Zenithink C94 8 Core', '', '', 0.0, 0, 1, 112, 'Планшет Zenithink C94 8 Core', 'Планшет Zenithink C94 8 Core, Android', '', '2012-11-09 09:47:48', NULL, '', '', '', 0),
(113, 'planshet-ramos-z00', 0, 'Планшет Ramos z00', '', '', 0.0, 0, 1, 113, 'Планшет Ramos z00', 'Планшет Ramos z00, Android', '', '2012-11-09 09:53:57', NULL, '', '', '', 1),
(114, 'planshet-lenovo-a2109-tegra-3-quad-core', 21, 'Планшет Lenovo A2109 Tegra 3 Quad Core', '', '', 0.0, 0, 1, 114, 'Планшет Lenovo A2109 Tegra 3 Quad Core', 'Планшет Lenovo A2109 Tegra 3 Quad Core, Lenovo, Android', '', '2012-11-09 10:39:32', NULL, '', '', '', 1),
(115, 'planshet-vamos-ss0', 0, 'Планшет vamos ss0', '', '', 0.0, 0, 1, 115, 'Планшет vamos ss0', 'Планшет vamos ss0, Android', '', '2012-11-09 11:05:06', NULL, '', '', '', 1),
(116, 'planshet-zenithink-c94-quad-core', 0, 'Планшет Zenithink C94 Quad Core', '', '', 0.0, 0, 1, 116, 'Планшет Zenithink C94 Quad Core', 'Планшет Zenithink C94 Quad Core, Android', '', '2012-11-09 11:55:34', NULL, '', '', '', 0),
(117, 'luchshie-igry-dlya-androida-2012', 0, 'Лучшие игры для Андроида 2012', '', '', 0.0, 0, 1, 117, 'Лучшие игры для Андроида 2012', 'Лучшие игры для Андроида 2012, Android', '', '2012-11-09 12:49:26', NULL, '', '', '', 0),
(118, 'vagina-iz-naturalnogo-svinogo-sala', 0, 'Вагина из натурального свиного сала', '', '', 0.0, 0, 1, 118, 'Вагина из натурального свиного сала', 'Вагина из натурального свиного сала, Мобильные телефоны', '', '2013-06-01 07:45:50', NULL, '', '', '', 1);

-- --------------------------------------------------------

--
-- Структура таблицы `s_products_categories`
--

CREATE TABLE IF NOT EXISTS `s_products_categories` (
  `product_id` int(11) NOT NULL,
  `category_id` int(11) NOT NULL,
  `position` int(11) NOT NULL
) ENGINE=MyISAM DEFAULT CHARSET=utf8;

--
-- Дамп данных таблицы `s_products_categories`
--

INSERT INTO `s_products_categories` (`product_id`, `category_id`, `position`) VALUES
(48, 13, 0),
(45, 15, 0),
(46, 8, 0),
(47, 16, 0),
(49, 15, 0),
(50, 13, 0),
(51, 13, 0),
(52, 13, 0),
(53, 15, 0),
(54, 8, 0),
(55, 8, 0),
(56, 8, 0),
(57, 8, 0),
(58, 8, 0),
(59, 13, 0),
(60, 14, 0),
(62, 8, 0),
(63, 13, 0),
(64, 13, 0),
(65, 13, 0),
(66, 15, 0),
(67, 13, 0),
(69, 13, 0),
(70, 13, 0),
(71, 15, 0),
(72, 15, 0),
(73, 15, 0),
(74, 13, 0),
(75, 8, 0),
(76, 13, 0),
(77, 15, 0),
(78, 13, 0),
(79, 13, 0),
(81, 14, 0),
(82, 13, 0),
(83, 15, 0),
(84, 9, 0),
(85, 13, 0),
(87, 13, 0),
(88, 15, 0),
(89, 8, 0),
(90, 8, 0),
(91, 15, 0),
(92, 15, 0),
(93, 13, 0),
(94, 13, 0),
(95, 15, 0),
(96, 15, 0),
(98, 17, 0),
(99, 17, 0),
(100, 15, 0),
(101, 17, 0),
(102, 17, 0),
(103, 13, 0),
(104, 15, 0),
(105, 15, 0),
(106, 13, 0),
(107, 13, 0),
(108, 15, 0),
(109, 15, 0),
(110, 1, 0),
(111, 15, 0),
(112, 15, 0),
(113, 15, 0),
(114, 15, 0),
(115, 15, 0),
(116, 15, 0),
(117, 15, 0),
(118, 1, 0);

-- --------------------------------------------------------

--
-- Структура таблицы `s_prod_ac`
--

CREATE TABLE IF NOT EXISTS `s_prod_ac` (
  `id` int(155) NOT NULL,
  `prod_id` int(155) NOT NULL,
  `name_ac` varchar(255) NOT NULL,
  `price` float NOT NULL
) ENGINE=MyISAM AUTO_INCREMENT=31 DEFAULT CHARSET=cp1251;

--
-- Дамп данных таблицы `s_prod_ac`
--

INSERT INTO `s_prod_ac` (`id`, `prod_id`, `name_ac`, `price`) VALUES
(30, 109, 'Защитная пленка', 150),
(29, 109, 'Авто зарядка', 350);

-- --------------------------------------------------------

--
-- Структура таблицы `s_purchases`
--

CREATE TABLE IF NOT EXISTS `s_purchases` (
  `id` int(11) NOT NULL,
  `order_id` int(11) NOT NULL DEFAULT '0',
  `product_id` int(11) DEFAULT '0',
  `variant_id` int(11) DEFAULT NULL,
  `product_name` varchar(255) NOT NULL DEFAULT '',
  `variant_name` varchar(255) NOT NULL,
  `price` float(10,2) NOT NULL DEFAULT '0.00',
  `amount` int(11) NOT NULL DEFAULT '0',
  `sku` varchar(255) NOT NULL
) ENGINE=MyISAM AUTO_INCREMENT=29 DEFAULT CHARSET=utf8;

--
-- Дамп данных таблицы `s_purchases`
--

INSERT INTO `s_purchases` (`id`, `order_id`, `product_id`, `variant_id`, `product_name`, `variant_name`, `price`, `amount`, `sku`) VALUES
(1, 1, NULL, NULL, 'Nokia 701', '', 17000.00, 1, ''),
(2, 1, NULL, NULL, 'HTC Sensation', '', 20300.16, 1, ''),
(3, 2, NULL, NULL, 'Samsung Galaxy S II', '', 19200.00, 1, ''),
(4, 3, NULL, NULL, 'Пылесос Dyson DC23 Pink', '', 25000.00, 1, ''),
(5, 4, NULL, NULL, 'Samsung La Fleur Wave', '', 3000.00, 1, ''),
(6, 5, NULL, NULL, 'Samsung La Fleur Wave', '', 3000.00, 1, ''),
(7, 6, NULL, NULL, 'Фотоаппарат Nikon Coolpix L120', '', 11000.00, 1, ''),
(8, 7, 45, 55, 'ONDA VI30 Dual Core Version', '', 4899.84, 1, ''),
(9, 8, 65, 75, 'X26i Smart Phone черный', '', 5770.88, 1, ''),
(10, 9, 69, 79, 'ZOPO ZP500 Libero Ultra-slim', '', 6780.16, 1, ''),
(11, 9, 109, 119, 'Ainol Novo 7 Tornados', '', 3840.00, 1, ''),
(12, 10, 69, 79, 'ZOPO ZP500 Libero Ultra-slim', '', 6780.16, 1, ''),
(13, 10, 109, 119, 'Ainol Novo 7 Tornados', '', 3840.00, 1, ''),
(14, 11, 69, 79, 'ZOPO ZP500 Libero Ultra-slim', '', 6780.16, 1, ''),
(15, 11, 109, 119, 'Ainol Novo 7 Tornados', '', 3840.00, 1, ''),
(16, 12, 107, 117, 'HTC Touch HD2 leo T8585 windows smartphone', '', 7200.00, 1, ''),
(17, 13, 101, 111, '2.5 мм зарядное устройство для планшетов', '', 289.00, 1, ''),
(18, 14, 108, 118, 'Ramos W17 Pro Tablet PC', '', 4200.00, 1, ''),
(19, 15, 108, 118, 'Ramos W17 Pro Tablet PC', '', 4200.00, 1, ''),
(20, 16, 108, 118, 'Ramos W17 Pro Tablet PC', '', 4200.00, 1, ''),
(21, 17, 108, 118, 'Ramos W17 Pro Tablet PC', '', 4200.00, 1, ''),
(22, 18, 107, 117, 'HTC Touch HD2 leo T8585 windows smartphone', '', 7200.00, 1, ''),
(23, 19, 109, 119, 'Ainol Novo 7 Tornados', '', 3840.00, 2, ''),
(24, 20, 107, 117, 'HTC Touch HD2 leo T8585 windows smartphone', '', 7200.00, 1, ''),
(25, 21, 103, 113, 'ThL W2 Quadband', '', 6930.00, 1, ''),
(26, 21, 105, 115, 'Sanei N10', '', 6400.00, 1, ''),
(27, 22, 109, 119, 'Ainol Novo 7 Tornados', '', 3840.00, 1, ''),
(28, 23, 109, 119, 'Ainol Novo 7 Tornados', '', 3840.00, 1, '');

-- --------------------------------------------------------

--
-- Структура таблицы `s_related_products`
--

CREATE TABLE IF NOT EXISTS `s_related_products` (
  `product_id` int(11) NOT NULL,
  `related_id` int(11) NOT NULL,
  `position` int(11) NOT NULL
) ENGINE=MyISAM DEFAULT CHARSET=utf8;

--
-- Дамп данных таблицы `s_related_products`
--

INSERT INTO `s_related_products` (`product_id`, `related_id`, `position`) VALUES
(64, 63, 0),
(65, 59, 0),
(72, 71, 0),
(109, 0, 1),
(109, 98, 2),
(109, 54, 0);

-- --------------------------------------------------------

--
-- Структура таблицы `s_settings`
--

CREATE TABLE IF NOT EXISTS `s_settings` (
  `setting_id` int(11) NOT NULL,
  `name` varchar(255) NOT NULL DEFAULT '',
  `value` text NOT NULL
) ENGINE=MyISAM AUTO_INCREMENT=120 DEFAULT CHARSET=utf8;

--
-- Дамп данных таблицы `s_settings`
--

INSERT INTO `s_settings` (`setting_id`, `name`, `value`) VALUES
(8, 'site_name', 'Шопчик - интернет маркет (2012)'),
(9, 'company_name', 'ИП гренадов'),
(50, 'units', 'шт'),
(53, 'date_format', 'd.m.Y'),
(54, 'order_email', 'me@example.com'),
(55, 'comment_email', 'me@example.com'),
(56, 'notify_from_email', 'me@example.com'),
(57, 'decimals_point', ','),
(58, 'thousands_separator', ' '),
(59, 'products_num', '15'),
(60, 'products_num_admin', '20'),
(30, 'theme', 'new'),
(33, 'products_num', '15'),
(34, 'products_num_admin', '20'),
(111, 'last_1c_orders_export_date', '2011-07-30 21:31:56'),
(112, 'license', 'bhbcfgkhfe iomjlglmpl rqwqxrtpz6 898495c7 cfee'),
(113, 'max_order_amount', '5'),
(114, 'watermark_offset_x', '50'),
(115, 'watermark_offset_y', '100'),
(116, 'watermark_transparency', '70'),
(117, 'images_sharpen', '15'),
(119, 'admin_email', 'me@example.com');

-- --------------------------------------------------------

--
-- Структура таблицы `s_staty`
--

CREATE TABLE IF NOT EXISTS `s_staty` (
  `id` int(11) NOT NULL,
  `name` varchar(500) NOT NULL,
  `url` varchar(255) NOT NULL,
  `meta_title` varchar(500) NOT NULL,
  `meta_keywords` varchar(500) NOT NULL,
  `meta_description` varchar(500) NOT NULL,
  `annotation` text NOT NULL,
  `text` longtext NOT NULL,
  `visible` tinyint(1) NOT NULL,
  `date` timestamp NOT NULL DEFAULT CURRENT_TIMESTAMP ON UPDATE CURRENT_TIMESTAMP,
  `image` varchar(255) NOT NULL
) ENGINE=MyISAM AUTO_INCREMENT=13 DEFAULT CHARSET=cp1251;

--
-- Дамп данных таблицы `s_staty`
--

INSERT INTO `s_staty` (`id`, `name`, `url`, `meta_title`, `meta_keywords`, `meta_description`, `annotation`, `text`, `visible`, `date`, `image`) VALUES
(1, 'Литол кленеться перегрызть горло за вх', 'litol-klenetsya-peregryzt-gorlo-za-vh', 'Литол кленеться перегрызть горло за вх', 'Литол кленеться перегрызть горло за вх', 'фап фап фап фап фап', '<p>фап фап фап фап фап</p>', '<p>фап фап фап фап фап фап&nbsp;</p>', 1, '2012-08-28 20:00:00', ''),
(2, 'Моя накрутка самая низкая в инетэ', 'moya-nakrutka-samaya-nizkaya-v-inete', 'Моя накрутка самая низкая в инетэ', 'Моя накрутка самая низкая в инетэ', 'ололо Всем в дыню', '<p>ололо Всем в дыню</p>', '<p><span>ололо Всем в дыню</span></p>', 1, '2012-08-29 20:00:00', ''),
(3, 'sadasd', 'sadasd', 'sadasd', 'sadasd', '', '', '', 1, '2012-09-13 20:00:00', ''),
(4, 'Как обновить (прошивку) Android', '', '', '', '', '', '', 0, '2012-09-15 20:00:00', ''),
(5, 'Обзор смартфона Zopo ZP900', 'obzor-smartfona-zopo-zp900', 'Обзор смартфона Zopo ZP900', 'Обзор смартфона Zopo ZP900', '', '', '', 0, '2012-09-15 20:00:00', ''),
(6, 'Обзор Yuandao / Window N6', 'obzor-yuandao--window-n6', 'Обзор Yuandao / Window N6', 'Обзор Yuandao / Window N6', '', '', '', 0, '2012-09-15 20:00:00', ''),
(7, 'fgfgfg', 'fgfgfg', 'fgfgfg', 'fgfgfg', '', '', '', 0, '2012-09-15 20:00:00', ''),
(8, 'Тесла', 'tesla', 'Тесла', 'Тесла', '', '', '', 0, '2012-09-15 20:00:00', ''),
(9, 'rere', 'rere', 'rere', 'rere', '', '', '', 0, '2012-09-16 07:18:14', ''),
(10, 'кукуку', 'kukuku', 'кукуку', 'кукуку', '', '', '', 0, '2012-09-16 07:31:21', ''),
(11, 'жопа с ручкой', 'zhopa-s-ruchkoj', 'жопа с ручкой', 'жопа с ручкой', '', '', '', 0, '2012-09-16 07:32:09', ''),
(12, 'little Tegra', 'little-tegra', 'little Tegra', 'little Tegra', '', '', '', 0, '2012-09-15 20:00:00', '');

-- --------------------------------------------------------

--
-- Структура таблицы `s_users`
--

CREATE TABLE IF NOT EXISTS `s_users` (
  `id` int(11) NOT NULL,
  `email` varchar(255) NOT NULL,
  `password` varchar(255) NOT NULL DEFAULT '',
  `name` varchar(255) NOT NULL DEFAULT '',
  `group_id` int(11) NOT NULL DEFAULT '0',
  `enabled` tinyint(1) NOT NULL DEFAULT '0',
  `phone` varchar(50) NOT NULL,
  `adress` varchar(155) NOT NULL,
  `postindex` int(10) NOT NULL
) ENGINE=MyISAM AUTO_INCREMENT=3 DEFAULT CHARSET=utf8;

--
-- Дамп данных таблицы `s_users`
--

INSERT INTO `s_users` (`id`, `email`, `password`, `name`, `group_id`, `enabled`, `phone`, `adress`, `postindex`) VALUES
(1, 'qweqwe', '9cb484e97b26887ad7d4a6b8ef3d925b', 'qweqwe', 0, 1, '', '', 0),
(2, 'jopa@den.com', '46d1df02b2603d227cb0055ef374bf98', 'Den', 0, 1, '7898987987', 'Москва, черезпиздудрищева, 3-77', 15465454);

-- --------------------------------------------------------

--
-- Структура таблицы `s_variants`
--

CREATE TABLE IF NOT EXISTS `s_variants` (
  `id` bigint(20) NOT NULL,
  `product_id` int(11) NOT NULL,
  `sku` varchar(255) NOT NULL,
  `name` varchar(255) NOT NULL,
  `price` float(14,2) NOT NULL,
  `compare_price` float(14,2) DEFAULT NULL,
  `stock` mediumint(9) DEFAULT NULL,
  `position` int(11) NOT NULL,
  `attachment` varchar(255) NOT NULL,
  `external_id` varchar(36) NOT NULL,
  `ems` varchar(255) NOT NULL,
  `deadline` tinyint(1) NOT NULL,
  `d_day` text NOT NULL,
  `dprice` float(14,2) NOT NULL
) ENGINE=MyISAM AUTO_INCREMENT=130 DEFAULT CHARSET=utf8;

--
-- Дамп данных таблицы `s_variants`
--

INSERT INTO `s_variants` (`id`, `product_id`, `sku`, `name`, `price`, `compare_price`, `stock`, `position`, `attachment`, `external_id`, `ems`, `deadline`, `d_day`, `dprice`) VALUES
(58, 48, '', '', 6720.00, 0.00, NULL, 58, '', '', '', 0, '0000-00-00 00:00:00', 0.00),
(55, 45, '', '', 4899.84, 0.00, NULL, 55, '', '', '', 0, '0000-00-00 00:00:00', 0.00),
(56, 46, '', '', 329.92, 0.00, NULL, 56, '', '', '', 0, '0000-00-00 00:00:00', 0.00),
(57, 47, '', '', 13150.08, 0.00, NULL, 57, '', '', '', 0, '0000-00-00 00:00:00', 0.00),
(59, 49, '', '', 2559.04, 0.00, NULL, 59, '', '', '', 0, '0000-00-00 00:00:00', 0.00),
(60, 50, '', '', 3699.84, 3800.00, NULL, 60, '', '', '', 0, '0000-00-00 00:00:00', 0.00),
(61, 51, '', '', 6720.00, 0.00, NULL, 61, '', '', '', 0, '0000-00-00 00:00:00', 0.00),
(62, 52, '', '', 6720.00, 0.00, NULL, 62, '', '', '', 0, '0000-00-00 00:00:00', 0.00),
(63, 53, '', '', 5299.84, 5440.00, NULL, 63, '', '', '', 0, '0000-00-00 00:00:00', 0.00),
(64, 54, '', '', 1782.08, 0.00, NULL, 64, '', '', '', 0, '0000-00-00 00:00:00', 0.00),
(65, 55, '', '', 700.16, 0.00, NULL, 65, '', '', '', 0, '0000-00-00 00:00:00', 0.00),
(66, 56, '', '', 680.00, 720.00, NULL, 66, '', '', '', 0, '0000-00-00 00:00:00', 0.00),
(67, 57, '', '', 800.00, 0.00, NULL, 67, '', '', '', 0, '0000-00-00 00:00:00', 0.00),
(68, 58, '', '', 449.92, 0.00, NULL, 68, '', '', '', 0, '0000-00-00 00:00:00', 0.00),
(69, 59, '', '', 5770.88, 5830.00, NULL, 69, '', '', '', 0, '0000-00-00 00:00:00', 0.00),
(70, 60, '', '', 2300.16, 0.00, NULL, 70, '', '', '', 0, '0000-00-00 00:00:00', 0.00),
(72, 62, '', '', 160.00, 0.00, NULL, 72, '', '', '', 0, '0000-00-00 00:00:00', 0.00),
(73, 63, '', '', 10080.00, 0.00, NULL, 73, '', '', '', 0, '0000-00-00 00:00:00', 0.00),
(74, 64, '', '', 10240.00, 0.00, NULL, 74, '', '', '', 0, '0000-00-00 00:00:00', 0.00),
(75, 65, '', '', 5770.88, 0.00, NULL, 75, '', '', '', 0, '0000-00-00 00:00:00', 0.00),
(76, 66, '', '', 4982.08, 0.00, NULL, 76, '', '', '', 0, '0000-00-00 00:00:00', 0.00),
(77, 67, '', '', 6720.00, 0.00, NULL, 77, '', '', 'ems', 0, '0000-00-00 00:00:00', 0.00),
(79, 69, '', '', 6780.16, 6920.00, NULL, 79, '', '', 'ems', 0, '0000-00-00 00:00:00', 0.00),
(80, 70, '', '', 6678.08, 6800.00, NULL, 80, '', '', '', 0, '0000-00-00 00:00:00', 0.00),
(81, 71, '', '', 6849.92, 0.00, NULL, 81, '', '', '', 0, '0000-00-00 00:00:00', 0.00),
(82, 72, '', '', 7150.08, 7580.00, NULL, 82, '', '', '', 0, '0000-00-00 00:00:00', 0.00),
(83, 73, '', '', 8249.92, 0.00, NULL, 83, '', '', '', 0, '0000-00-00 00:00:00', 0.00),
(84, 74, '', '', 6120.00, 0.00, NULL, 84, '', '', '', 0, '0000-00-00 00:00:00', 0.00),
(85, 75, '', '', 950.08, 0.00, NULL, 85, '', '', '', 0, '0000-00-00 00:00:00', 0.00),
(86, 76, '', '', 7933.00, 0.00, NULL, 86, '', '', '', 0, '0000-00-00 00:00:00', 0.00),
(87, 77, '', '', 5775.04, 0.00, NULL, 87, '', '', '', 0, '0000-00-00 00:00:00', 0.00),
(88, 78, '', '', 6765.12, 0.00, NULL, 88, '', '', '', 0, '0000-00-00 00:00:00', 0.00),
(89, 79, '', '', 6929.92, 0.00, NULL, 89, '', '', '', 0, '0000-00-00 00:00:00', 0.00),
(92, 82, '', '', 8910.08, 0.00, NULL, 92, '', '', '', 0, '0000-00-00 00:00:00', 0.00),
(91, 81, '', '', 1649.92, 0.00, NULL, 91, '', '', '', 0, '0000-00-00 00:00:00', 0.00),
(93, 83, '', '', 2441.92, 0.00, NULL, 93, '', '', '', 0, '0000-00-00 00:00:00', 0.00),
(94, 84, '', '', 2591.04, 0.00, NULL, 94, '', '', '', 0, '0000-00-00 00:00:00', 0.00),
(95, 85, '', '', 6270.00, 0.00, NULL, 95, '', '', '', 0, '0000-00-00 00:00:00', 0.00),
(97, 87, '', '', 7158.00, 0.00, NULL, 97, '', '', '', 0, '0000-00-00 00:00:00', 0.00),
(98, 88, '', '', 2400.00, 0.00, NULL, 98, '', '', '', 0, '0000-00-00 00:00:00', 0.00),
(99, 89, '', '', 2500.00, 0.00, NULL, 99, '', '', '', 0, '0000-00-00 00:00:00', 0.00),
(100, 90, '', '', 900.00, 0.00, NULL, 100, '', '', '', 0, '0000-00-00 00:00:00', 0.00),
(101, 91, '', '', 7400.00, 0.00, NULL, 101, '', '', '', 0, '0000-00-00 00:00:00', 0.00),
(102, 92, '', '', 7360.00, 0.00, NULL, 102, '', '', '', 0, '0000-00-00 00:00:00', 0.00),
(103, 93, '', '', 5000.00, 0.00, NULL, 103, '', '', 'ems', 0, '0000-00-00 00:00:00', 0.00),
(104, 94, '', '', 10725.00, 0.00, NULL, 104, '', '', '', 0, '0000-00-00 00:00:00', 0.00),
(105, 95, '', '', 2500.00, 3000.00, NULL, 105, '', '', '', 0, '0000-00-00 00:00:00', 0.00),
(106, 96, '1', '', 2000.00, 0.00, NULL, 106, '', '', 'poc', 0, '0000-00-00 00:00:00', 0.00),
(108, 98, '', '', 495.00, 0.00, NULL, 108, '', '', 'poc', 0, '0000-00-00 00:00:00', 0.00),
(109, 99, '', '', 960.00, 0.00, NULL, 109, '', '', '', 0, '0000-00-00 00:00:00', 0.00),
(110, 100, '', '', 2640.00, 0.00, NULL, 110, '', '', 'ems', 0, '0000-00-00 00:00:00', 0.00),
(111, 101, '', '', 289.00, 0.00, NULL, 111, '', '', '', 0, '0000-00-00 00:00:00', 0.00),
(112, 102, '', '', 3968.00, 0.00, NULL, 112, '', '', 'ems', 0, '0000-00-00 00:00:00', 0.00),
(113, 103, '', '', 1500.00, 0.00, NULL, 113, '', '', 'poc', 0, '0000-00-00 00:00:00', 0.00),
(114, 104, '', '', 2000.00, 0.00, NULL, 114, '', '', 'poc', 0, '0000-00-00 00:00:00', 0.00),
(115, 105, '', '', 6400.00, 0.00, NULL, 115, '', '', 'ems', 0, '0000-00-00 00:00:00', 0.00),
(116, 106, '', '', 7620.00, 0.00, NULL, 116, '', '', '', 0, '0000-00-00 00:00:00', 0.00),
(117, 107, '', '', 7200.00, 0.00, NULL, 117, '', '', '', 0, '0000-00-00 00:00:00', 0.00),
(118, 108, '', '', 4200.00, 0.00, NULL, 118, '', '', '', 0, '0000-00-00 00:00:00', 0.00),
(119, 109, '', 'Простой', 3840.00, 3900.00, NULL, 119, '', '', 'ems', 0, '2013-10-21 00:00:00', 0.00),
(120, 110, '', '', 0.00, 0.00, NULL, 120, '', '', '', 0, '0000-00-00 00:00:00', 0.00),
(121, 111, '', '', 4000.00, 0.00, NULL, 121, '', '', '', 0, '0000-00-00 00:00:00', 0.00),
(122, 112, '', '', 3500.00, 0.00, NULL, 122, '', '', '', 0, '0000-00-00 00:00:00', 0.00),
(123, 113, '', '', 2000.00, 0.00, NULL, 123, '', '', 'poc', 0, '0000-00-00 00:00:00', 0.00),
(124, 114, '4er54t5', '', 0.00, 0.00, NULL, 124, '', '', 'ems', 0, '2013-10-23-19-00-00', 0.00),
(125, 115, '', '', 0.00, 0.00, NULL, 125, '', '', '450', 0, '2013-10-30-19-00-00', 0.00),
(126, 116, '', '', 3500.00, 0.00, NULL, 126, '', '', 'ems', 0, '0000-00-00 00:00:00', 0.00),
(127, 117, '', '', 4800.00, 0.00, NULL, 127, '', '', 'ems', 0, '2013-10-25-19-00-00', 4800.00),
(128, 109, '', 'Смартфон + защитная пленка + чехол', 4300.00, 0.00, NULL, 128, '', '', 'ems', 0, '2013-10-21 00:00:00', 0.00),
(129, 118, '', '', 1500.00, 0.00, NULL, 129, '', '', 'ccc', 0, '2013-10-23-19-00-00', 1500.00);

--
-- Индексы сохранённых таблиц
--

--
-- Индексы таблицы `s_ask`
--
ALTER TABLE `s_ask`
  ADD PRIMARY KEY (`id`);

--
-- Индексы таблицы `s_blog`
--
ALTER TABLE `s_blog`
  ADD PRIMARY KEY (`id`),
  ADD KEY `enabled` (`visible`),
  ADD KEY `url` (`url`);

--
-- Индексы таблицы `s_brands`
--
ALTER TABLE `s_brands`
  ADD PRIMARY KEY (`id`),
  ADD KEY `name` (`name`),
  ADD KEY `url` (`url`);

--
-- Индексы таблицы `s_categories`
--
ALTER TABLE `s_categories`
  ADD PRIMARY KEY (`id`),
  ADD KEY `url` (`url`),
  ADD KEY `parent_id` (`parent_id`),
  ADD KEY `position` (`position`),
  ADD KEY `visible` (`visible`),
  ADD KEY `external_id` (`external_id`);

--
-- Индексы таблицы `s_categories_features`
--
ALTER TABLE `s_categories_features`
  ADD PRIMARY KEY (`category_id`,`feature_id`);

--
-- Индексы таблицы `s_comments`
--
ALTER TABLE `s_comments`
  ADD PRIMARY KEY (`id`),
  ADD KEY `product_id` (`object_id`),
  ADD KEY `type` (`type`);

--
-- Индексы таблицы `s_coupons`
--
ALTER TABLE `s_coupons`
  ADD PRIMARY KEY (`id`);

--
-- Индексы таблицы `s_currencies`
--
ALTER TABLE `s_currencies`
  ADD PRIMARY KEY (`id`),
  ADD KEY `position` (`position`);

--
-- Индексы таблицы `s_delivery`
--
ALTER TABLE `s_delivery`
  ADD PRIMARY KEY (`id`),
  ADD KEY `position` (`position`);

--
-- Индексы таблицы `s_delivery_payment`
--
ALTER TABLE `s_delivery_payment`
  ADD PRIMARY KEY (`delivery_id`,`payment_method_id`);

--
-- Индексы таблицы `s_display`
--
ALTER TABLE `s_display`
  ADD PRIMARY KEY (`product_id`);

--
-- Индексы таблицы `s_error_report`
--
ALTER TABLE `s_error_report`
  ADD PRIMARY KEY (`id`);

--
-- Индексы таблицы `s_features`
--
ALTER TABLE `s_features`
  ADD PRIMARY KEY (`id`),
  ADD KEY `position` (`position`),
  ADD KEY `in_filter` (`in_filter`);

--
-- Индексы таблицы `s_feedbacks`
--
ALTER TABLE `s_feedbacks`
  ADD PRIMARY KEY (`id`);

--
-- Индексы таблицы `s_hard_prod`
--
ALTER TABLE `s_hard_prod`
  ADD PRIMARY KEY (`product_id`);

--
-- Индексы таблицы `s_images`
--
ALTER TABLE `s_images`
  ADD PRIMARY KEY (`id`),
  ADD KEY `filename` (`filename`),
  ADD KEY `product_id` (`product_id`),
  ADD KEY `position` (`position`);

--
-- Индексы таблицы `s_imgblog`
--
ALTER TABLE `s_imgblog`
  ADD PRIMARY KEY (`id`);

--
-- Индексы таблицы `s_menu`
--
ALTER TABLE `s_menu`
  ADD PRIMARY KEY (`id`);

--
-- Индексы таблицы `s_multimedia`
--
ALTER TABLE `s_multimedia`
  ADD PRIMARY KEY (`product_id`);

--
-- Индексы таблицы `s_options`
--
ALTER TABLE `s_options`
  ADD PRIMARY KEY (`product_id`,`feature_id`),
  ADD KEY `value` (`value`(333)),
  ADD KEY `product_id` (`product_id`),
  ADD KEY `feature_id` (`feature_id`);

--
-- Индексы таблицы `s_orders`
--
ALTER TABLE `s_orders`
  ADD PRIMARY KEY (`id`),
  ADD KEY `login` (`user_id`),
  ADD KEY `written_off` (`closed`),
  ADD KEY `date` (`date`),
  ADD KEY `status` (`status`),
  ADD KEY `code` (`url`),
  ADD KEY `payment_status` (`paid`);

--
-- Индексы таблицы `s_pages`
--
ALTER TABLE `s_pages`
  ADD PRIMARY KEY (`id`),
  ADD KEY `order_num` (`position`),
  ADD KEY `url` (`url`);

--
-- Индексы таблицы `s_payment_methods`
--
ALTER TABLE `s_payment_methods`
  ADD PRIMARY KEY (`id`),
  ADD KEY `position` (`position`);

--
-- Индексы таблицы `s_products`
--
ALTER TABLE `s_products`
  ADD PRIMARY KEY (`id`),
  ADD KEY `url` (`url`),
  ADD KEY `brand_id` (`brand_id`),
  ADD KEY `visible` (`visible`),
  ADD KEY `position` (`position`),
  ADD KEY `external_id` (`external_id`),
  ADD KEY `hit` (`featured`);

--
-- Индексы таблицы `s_products_categories`
--
ALTER TABLE `s_products_categories`
  ADD PRIMARY KEY (`product_id`,`category_id`),
  ADD KEY `position` (`position`),
  ADD KEY `product_id` (`product_id`),
  ADD KEY `category_id` (`category_id`);

--
-- Индексы таблицы `s_prod_ac`
--
ALTER TABLE `s_prod_ac`
  ADD PRIMARY KEY (`id`);

--
-- Индексы таблицы `s_purchases`
--
ALTER TABLE `s_purchases`
  ADD PRIMARY KEY (`id`),
  ADD KEY `order_id` (`order_id`),
  ADD KEY `product_id` (`product_id`),
  ADD KEY `variant_id` (`variant_id`);

--
-- Индексы таблицы `s_related_products`
--
ALTER TABLE `s_related_products`
  ADD PRIMARY KEY (`product_id`,`related_id`),
  ADD KEY `position` (`position`);

--
-- Индексы таблицы `s_settings`
--
ALTER TABLE `s_settings`
  ADD PRIMARY KEY (`setting_id`);

--
-- Индексы таблицы `s_staty`
--
ALTER TABLE `s_staty`
  ADD PRIMARY KEY (`id`);

--
-- Индексы таблицы `s_users`
--
ALTER TABLE `s_users`
  ADD PRIMARY KEY (`id`),
  ADD KEY `email` (`email`);

--
-- Индексы таблицы `s_variants`
--
ALTER TABLE `s_variants`
  ADD PRIMARY KEY (`id`),
  ADD KEY `product_id` (`product_id`),
  ADD KEY `sku` (`sku`),
  ADD KEY `price` (`price`),
  ADD KEY `stock` (`stock`),
  ADD KEY `position` (`position`),
  ADD KEY `external_id` (`external_id`);

--
-- AUTO_INCREMENT для сохранённых таблиц
--

--
-- AUTO_INCREMENT для таблицы `s_ask`
--
ALTER TABLE `s_ask`
  MODIFY `id` int(155) NOT NULL AUTO_INCREMENT,AUTO_INCREMENT=78;
--
-- AUTO_INCREMENT для таблицы `s_blog`
--
ALTER TABLE `s_blog`
  MODIFY `id` int(11) NOT NULL AUTO_INCREMENT,AUTO_INCREMENT=3;
--
-- AUTO_INCREMENT для таблицы `s_brands`
--
ALTER TABLE `s_brands`
  MODIFY `id` int(11) NOT NULL AUTO_INCREMENT,AUTO_INCREMENT=27;
--
-- AUTO_INCREMENT для таблицы `s_categories`
--
ALTER TABLE `s_categories`
  MODIFY `id` int(11) NOT NULL AUTO_INCREMENT,AUTO_INCREMENT=18;
--
-- AUTO_INCREMENT для таблицы `s_comments`
--
ALTER TABLE `s_comments`
  MODIFY `id` bigint(20) NOT NULL AUTO_INCREMENT,AUTO_INCREMENT=9;
--
-- AUTO_INCREMENT для таблицы `s_coupons`
--
ALTER TABLE `s_coupons`
  MODIFY `id` bigint(20) NOT NULL AUTO_INCREMENT,AUTO_INCREMENT=18;
--
-- AUTO_INCREMENT для таблицы `s_currencies`
--
ALTER TABLE `s_currencies`
  MODIFY `id` int(11) NOT NULL AUTO_INCREMENT,AUTO_INCREMENT=10;
--
-- AUTO_INCREMENT для таблицы `s_delivery`
--
ALTER TABLE `s_delivery`
  MODIFY `id` int(11) NOT NULL AUTO_INCREMENT,AUTO_INCREMENT=5;
--
-- AUTO_INCREMENT для таблицы `s_display`
--
ALTER TABLE `s_display`
AUTO_INCREMENT=48;
--
-- AUTO_INCREMENT для таблицы `s_error_report`
--
ALTER TABLE `s_error_report`
  MODIFY `id` int(11) NOT NULL AUTO_INCREMENT,AUTO_INCREMENT=18;
--
-- AUTO_INCREMENT для таблицы `s_features`
--
ALTER TABLE `s_features`
  MODIFY `id` int(11) NOT NULL AUTO_INCREMENT,AUTO_INCREMENT=198;
--
-- AUTO_INCREMENT для таблицы `s_feedbacks`
--
ALTER TABLE `s_feedbacks`
  MODIFY `id` bigint(20) NOT NULL AUTO_INCREMENT;
--
-- AUTO_INCREMENT для таблицы `s_images`
--
ALTER TABLE `s_images`
  MODIFY `id` int(11) NOT NULL AUTO_INCREMENT,AUTO_INCREMENT=369;
--
-- AUTO_INCREMENT для таблицы `s_imgblog`
--
ALTER TABLE `s_imgblog`
  MODIFY `id` int(11) NOT NULL AUTO_INCREMENT,AUTO_INCREMENT=49;
--
-- AUTO_INCREMENT для таблицы `s_orders`
--
ALTER TABLE `s_orders`
  MODIFY `id` bigint(20) NOT NULL AUTO_INCREMENT,AUTO_INCREMENT=26;
--
-- AUTO_INCREMENT для таблицы `s_pages`
--
ALTER TABLE `s_pages`
  MODIFY `id` int(11) NOT NULL AUTO_INCREMENT,AUTO_INCREMENT=11;
--
-- AUTO_INCREMENT для таблицы `s_payment_methods`
--
ALTER TABLE `s_payment_methods`
  MODIFY `id` int(11) NOT NULL AUTO_INCREMENT,AUTO_INCREMENT=10;
--
-- AUTO_INCREMENT для таблицы `s_products`
--
ALTER TABLE `s_products`
  MODIFY `id` int(11) NOT NULL AUTO_INCREMENT,AUTO_INCREMENT=119;
--
-- AUTO_INCREMENT для таблицы `s_prod_ac`
--
ALTER TABLE `s_prod_ac`
  MODIFY `id` int(155) NOT NULL AUTO_INCREMENT,AUTO_INCREMENT=31;
--
-- AUTO_INCREMENT для таблицы `s_purchases`
--
ALTER TABLE `s_purchases`
  MODIFY `id` int(11) NOT NULL AUTO_INCREMENT,AUTO_INCREMENT=29;
--
-- AUTO_INCREMENT для таблицы `s_settings`
--
ALTER TABLE `s_settings`
  MODIFY `setting_id` int(11) NOT NULL AUTO_INCREMENT,AUTO_INCREMENT=120;
--
-- AUTO_INCREMENT для таблицы `s_staty`
--
ALTER TABLE `s_staty`
  MODIFY `id` int(11) NOT NULL AUTO_INCREMENT,AUTO_INCREMENT=13;
--
-- AUTO_INCREMENT для таблицы `s_users`
--
ALTER TABLE `s_users`
  MODIFY `id` int(11) NOT NULL AUTO_INCREMENT,AUTO_INCREMENT=3;
--
-- AUTO_INCREMENT для таблицы `s_variants`
--
ALTER TABLE `s_variants`
  MODIFY `id` bigint(20) NOT NULL AUTO_INCREMENT,AUTO_INCREMENT=130;
/*!40101 SET CHARACTER_SET_CLIENT=@OLD_CHARACTER_SET_CLIENT */;
/*!40101 SET CHARACTER_SET_RESULTS=@OLD_CHARACTER_SET_RESULTS */;
/*!40101 SET COLLATION_CONNECTION=@OLD_COLLATION_CONNECTION */;
